-- phpMyAdmin SQL Dump
-- version 4.4.14
-- http://www.phpmyadmin.net
--
-- Client :  127.0.0.1
-- Généré le :  Ven 29 Avril 2016 à 16:21
-- Version du serveur :  5.6.26
-- Version de PHP :  5.6.12

SET SQL_MODE = "NO_AUTO_VALUE_ON_ZERO";
SET time_zone = "+00:00";


/*!40101 SET @OLD_CHARACTER_SET_CLIENT=@@CHARACTER_SET_CLIENT */;
/*!40101 SET @OLD_CHARACTER_SET_RESULTS=@@CHARACTER_SET_RESULTS */;
/*!40101 SET @OLD_COLLATION_CONNECTION=@@COLLATION_CONNECTION */;
/*!40101 SET NAMES utf8mb4 */;

--
-- Base de données :  `movies_db`
--

-- --------------------------------------------------------

--
-- Structure de la table `director`
--

CREATE TABLE IF NOT EXISTS `director` (
  `id` int(3) DEFAULT NULL,
  `name` varchar(32) DEFAULT NULL
) ENGINE=InnoDB DEFAULT CHARSET=utf8;

--
-- Contenu de la table `director`
--

INSERT INTO `director` (`id`, `name`) VALUES
(1, 'Frank Darabont'),
(2, 'Francis Ford Coppola'),
(3, 'Francis Ford Coppola'),
(4, 'Christopher Nolan'),
(5, 'Steven Spielberg'),
(6, 'Sidney Lumet'),
(7, 'Quentin Tarantino'),
(8, 'Peter Jackson'),
(9, 'Sergio Leone'),
(10, 'David Fincher'),
(11, 'Peter Jackson'),
(12, 'Irvin Kershner'),
(13, 'Robert Zemeckis'),
(14, 'Christopher Nolan'),
(15, 'Peter Jackson'),
(16, 'Milos Forman'),
(17, 'Martin Scorsese'),
(18, 'Lana Wachowski'),
(19, 'Akira Kurosawa'),
(20, 'George Lucas'),
(21, 'Fernando Meirelles'),
(22, 'David Fincher'),
(23, 'Jonathan Demme'),
(24, 'Frank Capra'),
(25, 'Bryan Singer'),
(26, 'Roberto Benigni'),
(27, 'Luc Besson'),
(28, 'Sergio Leone'),
(29, 'Hayao Miyazaki'),
(30, 'Steven Spielberg'),
(31, 'Christopher Nolan'),
(32, 'Michael Curtiz'),
(33, 'Tony Kaye'),
(34, 'Charles Chaplin'),
(35, 'Alfred Hitchcock'),
(36, 'Steven Spielberg'),
(37, 'Alfred Hitchcock'),
(38, 'Olivier Nakache'),
(39, 'Charles Chaplin'),
(40, 'Frank Darabont'),
(41, 'James Cameron'),
(42, 'Roman Polanski'),
(43, 'Martin Scorsese'),
(44, 'Robert Zemeckis'),
(45, 'Damien Chazelle'),
(46, 'Christopher Nolan'),
(47, 'Ridley Scott'),
(48, 'Francis Ford Coppola'),
(49, 'Christopher Nolan'),
(50, 'Stanley Kubrick'),
(51, 'Roger Allers'),
(52, 'Billy Wilder'),
(53, 'Ridley Scott'),
(54, 'Charles Chaplin'),
(55, 'Florian Henckel von Donnersmarck'),
(56, 'Giuseppe Tornatore'),
(57, 'Quentin Tarantino'),
(58, 'Stanley Kubrick'),
(59, 'Stanley Kubrick'),
(60, 'Isao Takahata'),
(61, 'Andrew Stanton'),
(62, 'Christopher Nolan'),
(63, 'Sam Mendes'),
(64, 'James Cameron'),
(65, 'Hayao Miyazaki'),
(66, 'Chan-wook Park'),
(67, 'Orson Welles'),
(68, 'Alfred Hitchcock'),
(69, 'Sergio Leone'),
(70, 'Alfred Hitchcock'),
(71, 'Wolfgang Petersen'),
(72, 'Richard Marquand'),
(73, 'Fritz Lang'),
(74, 'Billy Wilder'),
(75, 'Quentin Tarantino'),
(76, 'Jean-Pierre Jeunet'),
(77, 'Mel Gibson'),
(78, 'Darren Aronofsky'),
(79, 'Stanley Kubrick'),
(80, 'Martin Scorsese'),
(81, 'Lee Unkrich'),
(82, 'Billy Wilder'),
(83, 'David Lean'),
(84, 'Robert Mulligan'),
(85, 'Michel Gondry'),
(86, 'Stanley Kubrick'),
(87, 'Milos Forman'),
(88, 'George Roy Hill'),
(89, 'Stanley Donen'),
(90, 'Stanley Kubrick'),
(91, 'Vittorio De Sica'),
(92, 'Guy Ritchie'),
(93, 'Terry Gilliam'),
(94, 'John Lasseter'),
(95, 'Charles Chaplin'),
(96, 'Quentin Tarantino'),
(97, 'Curtis Hanson'),
(98, 'Sergio Leone'),
(99, 'Akira Kurosawa'),
(100, 'Billy Wilder'),
(101, 'Steven Spielberg'),
(102, 'Asghar Farhadi'),
(103, 'Brian De Palma'),
(104, 'Joseph L. Mankiewicz'),
(105, 'Fritz Lang'),
(106, 'J.J. Abrams'),
(107, 'Akira Kurosawa'),
(108, 'John Huston'),
(109, 'Christopher Nolan'),
(110, 'Tim Miller'),
(111, 'Billy Wilder'),
(112, 'Rajkumar Hirani'),
(113, 'Thomas Vinterberg'),
(114, 'Clint Eastwood'),
(115, 'Carol Reed'),
(116, 'Pete Docter'),
(117, 'Pete Docter'),
(118, 'Gus Van Sant'),
(119, 'Martin Scorsese'),
(120, 'Oliver Hirschbiegel'),
(121, 'John McTiernan'),
(122, 'Lenny Abrahamson'),
(123, 'Roman Polanski'),
(124, 'John Sturges'),
(125, 'Michael Mann'),
(126, 'Elia Kazan'),
(127, 'Guillermo del Toro'),
(128, 'Hayao Miyazaki'),
(129, 'Frank Capra'),
(130, 'Akira Kurosawa'),
(131, 'F.W. Murnau'),
(132, 'David Lean'),
(133, 'Charles Chaplin'),
(134, 'Akira Kurosawa'),
(135, 'Ingmar Bergman'),
(136, 'Juan José Campanella'),
(137, 'Ridley Scott'),
(138, 'Guy Ritchie'),
(139, 'Byron Howard'),
(140, 'Clyde Bruckman'),
(141, 'Ingmar Bergman'),
(142, 'Hayao Miyazaki'),
(143, 'Martin Scorsese'),
(144, 'David Lynch'),
(145, 'Gavin O''Connor'),
(146, 'Martin Scorsese'),
(147, 'Stanley Kramer'),
(148, 'James McTeigue'),
(149, 'Ron Howard'),
(150, 'Clint Eastwood'),
(151, 'Joel Coen'),
(152, 'Denis Villeneuve'),
(153, 'Alfred Hitchcock'),
(154, 'Michael Cimino'),
(155, 'Victor Fleming'),
(156, 'Joel Coen'),
(157, 'Stuart Rosenberg'),
(158, 'Danny Boyle'),
(159, 'Dean DeBlois'),
(160, 'Alfred Hitchcock'),
(161, 'M. Night Shyamalan'),
(162, 'Sean Penn'),
(163, 'Andrew Stanton'),
(164, 'John Carpenter'),
(165, 'Ethan Coen'),
(166, 'Frank Capra'),
(167, 'Adam Elliot'),
(168, 'David Fincher'),
(169, 'Quentin Tarantino'),
(170, 'Alejandro González Iñárritu'),
(171, 'Ron Howard'),
(172, 'Terry Jones'),
(173, 'George Miller'),
(174, 'John Huston'),
(175, 'Terry George'),
(176, 'Tom McCarthy'),
(177, 'Paul Thomas Anderson'),
(178, 'Oliver Stone'),
(179, 'Henri-Georges Clouzot'),
(180, 'Sidney Lumet'),
(181, 'George Roy Hill'),
(182, 'François Truffaut'),
(183, 'Rob Reiner'),
(184, 'Ingmar Bergman'),
(185, 'Jim Sheridan'),
(186, 'Martin Scorsese'),
(187, 'Steve McQueen'),
(188, 'Wes Anderson'),
(189, 'Alejandro González Iñárritu'),
(190, 'Rob Reiner'),
(191, 'Clint Eastwood'),
(192, 'Orson Welles'),
(193, 'William Wyler'),
(194, 'Woody Allen'),
(195, 'Damián Szifrón'),
(196, 'John Ford'),
(197, 'Lasse Hallström'),
(198, 'Hayao Miyazaki'),
(199, 'Andrei Tarkovsky'),
(200, 'Steven Spielberg'),
(201, 'Henri-Georges Clouzot'),
(202, 'Richard Attenborough'),
(203, 'Paul Greengrass'),
(204, 'Federico Fellini'),
(205, 'Richard Kelly'),
(206, 'Richard Linklater'),
(207, 'Victor Fleming'),
(208, 'William Wyler'),
(209, 'John G. Avildsen'),
(210, 'Joon Ho Bong'),
(211, 'Peter Weir'),
(212, 'Frank Miller'),
(213, 'James Cameron'),
(214, 'Terry Gilliam'),
(215, 'Alfred Hitchcock'),
(216, 'Pete Docter'),
(217, 'David Yates'),
(218, 'Harold Ramis'),
(219, 'Wai-Keung Lau'),
(220, 'Steven Spielberg'),
(221, 'Ridley Scott'),
(222, 'Gillo Pontecorvo'),
(223, 'Stanley Kubrick'),
(224, 'Mathieu Kassovitz'),
(225, 'Sidney Lumet'),
(226, 'Denis Villeneuve'),
(227, 'Ingmar Bergman'),
(228, 'Wilson Yip'),
(229, 'Joss Whedon'),
(230, 'Morten Tyldum'),
(231, 'Tom Hooper'),
(232, 'Gore Verbinski'),
(233, 'Tate Taylor'),
(234, 'Akira Kurosawa'),
(235, 'Sergio Leone'),
(236, 'James Gunn'),
(237, 'Hayao Miyazaki'),
(238, 'Fred Zinnemann'),
(239, 'William Wyler'),
(240, 'Steven Spielberg'),
(241, 'Jean Renoir'),
(242, 'Mike Nichols'),
(243, 'Gary Trousdale'),
(244, 'Alfred Hitchcock'),
(245, 'Kar-Wai Wong'),
(246, 'Ashutosh Gowariker'),
(247, 'Robert Aldrich'),
(248, 'Katsuhiro Ôtomo'),
(249, 'Otto Preminger'),
(250, 'Ki-duk Kim');

-- --------------------------------------------------------

--
-- Structure de la table `genres`
--

CREATE TABLE IF NOT EXISTS `genres` (
  `id` int(11) NOT NULL,
  `name` varchar(25) NOT NULL
) ENGINE=InnoDB AUTO_INCREMENT=21 DEFAULT CHARSET=latin1;

--
-- Contenu de la table `genres`
--

INSERT INTO `genres` (`id`, `name`) VALUES
(2, 'Action'),
(4, 'Adventure'),
(8, 'Animation'),
(3, 'Biography'),
(7, 'Comedy'),
(1, 'Crime'),
(6, 'Drama'),
(16, 'Family'),
(19, 'Fantasy'),
(11, 'Film-Noir'),
(18, 'History'),
(9, 'Horror'),
(20, 'Musical'),
(10, 'Mystery'),
(17, 'Romance'),
(12, 'Sci-Fi'),
(13, 'Sport'),
(14, 'Thriller'),
(15, 'War'),
(5, 'Western');

-- --------------------------------------------------------

--
-- Structure de la table `movies`
--

CREATE TABLE IF NOT EXISTS `movies` (
  `id` int(11) NOT NULL,
  `title` varchar(80) NOT NULL,
  `year` int(11) NOT NULL,
  `runtime` int(11) NOT NULL,
  `country` int(11) NOT NULL,
  `language` varchar(20) NOT NULL,
  `plot` text NOT NULL,
  `simplePlot` tinytext NOT NULL,
  `rating` decimal(10,0) NOT NULL,
  `votes` int(11) NOT NULL,
  `ranking` int(11) NOT NULL,
  `awards` int(11) NOT NULL,
  `director_id` int(11) NOT NULL,
  `img_url` varchar(355) DEFAULT NULL
) ENGINE=InnoDB AUTO_INCREMENT=251 DEFAULT CHARSET=latin1;

--
-- Contenu de la table `movies`
--

INSERT INTO `movies` (`id`, `title`, `year`, `runtime`, `country`, `language`, `plot`, `simplePlot`, `rating`, `votes`, `ranking`, `awards`, `director_id`, `img_url`) VALUES
(1, 'The Shawshank Redemption', 1994, 142, 0, 'English', 'Chronicles the experiences of a formerly successful banker as a prisoner in the gloomy jailhouse of Shawshank after being found guilty of a crime he claims he did not commit. The film portrays the man''s unique way of dealing with his new, torturous life; along the way he befriends a number of fellow prisoners, most notably a wise long-term inmate named Red.', 'Two imprisoned men bond over a number of years, finding solace and eventual redemption through acts of common decency.', '9', 1633924, 1, 3, 1, 'http://ia.media-imdb.com/images/M/MV5BODU4MjU4NjIwNl5BMl5BanBnXkFtZTgwMDU2MjEyMDE@._V1_UX182_CR0,0,182,268_AL_.jpg'),
(2, 'The Godfather', 1972, 175, 0, 'English', 'When the aging head of a famous crime family decides to transfer his position to one of his subalterns, a series of unfortunate events start happening to the family, and a war begins between all the well-known families leading to insolence, deportation, murder and revenge, and ends with the favorable successor being finally chosen.', 'The aging patriarch of an organized crime dynasty transfers control of his clandestine empire to his reluctant son.', '9', 1118821, 2, 2, 2, 'http://ia.media-imdb.com/images/M/MV5BMjEyMjcyNDI4MF5BMl5BanBnXkFtZTcwMDA5Mzg3OA@@._V1_UX182_CR0,0,182,268_AL_.jpg'),
(3, 'The Godfather: Part II', 1974, 202, 0, 'English', 'The continuing saga of the Corleone crime family tells the story of a young Vito Corleone growing up in Sicily and in 1910s New York; and follows Michael Corleone in the 1950s as he attempts to expand the family business into Las Vegas, Hollywood and Cuba.', 'The early life and career of Vito Corleone in 1920s New York is portrayed while his son, Michael, expands and tightens his grip on his crime syndicate stretching from Lake Tahoe, Nevada to pre-revolution 1958 Cuba.', '9', 762902, 3, 4, 3, 'http://ia.media-imdb.com/images/M/MV5BNDc2NTM3MzU1Nl5BMl5BanBnXkFtZTcwMTA5Mzg3OA@@._V1_UX182_CR0,0,182,268_AL_.jpg'),
(4, 'The Dark Knight', 2008, 152, 0, 'English', 'Set within a year after the events of Batman Begins, Batman, Lieutenant James Gordon, and new district attorney Harvey Dent successfully begin to round up the criminals that plague Gotham City until a mysterious and sadistic criminal mastermind known only as the Joker appears in Gotham, creating a new wave of chaos. Batman''s struggle against the Joker becomes deeply personal, forcing him to ''confront everything he believes'' and improve his technology to stop him. A love triangle develops between Bruce Wayne, Dent and Rachel Dawes.', 'When the menace known as the Joker wreaks havoc and chaos on the people of Gotham, the caped crusader must come to terms with one of the greatest psychological tests of his ability to fight injustice.', '9', 1616410, 4, 2, 4, 'http://ia.media-imdb.com/images/M/MV5BMTMxNTMwODM0NF5BMl5BanBnXkFtZTcwODAyMTk2Mw@@._V1_UX182_CR0,0,182,268_AL_.jpg'),
(5, 'Schindler''s List', 1993, 195, 0, 'English', 'Oskar Schindler is a vainglorious and greedy German businessman who becomes an unlikely humanitarian amid the barbaric Nazi reign when he feels compelled to turn his factory into a refuge for Jews. Based on the true story of Oskar Schindler who managed to save about 1100 Jews from being gassed at the Auschwitz concentration camp, it is a testament to the good in all of us.', 'In Poland during World War II, Oskar Schindler gradually becomes concerned for his Jewish workforce after witnessing their persecution by the Nazis.', '8', 835175, 5, 5, 5, 'http://ia.media-imdb.com/images/M/MV5BMzMwMTM4MDU2N15BMl5BanBnXkFtZTgwMzQ0MjMxMDE@._V1_UX182_CR0,0,182,268_AL_.jpg'),
(6, '12 Angry Men', 1957, 96, 0, 'English', 'The defense and the prosecution have rested and the jury is filing into the jury room to decide if a young man is guilty or innocent of murdering his father. What begins as an open-and-shut case of murder soon becomes a detective story that presents a succession of clues creating doubt, and a mini-drama of each of the jurors'' prejudices and preconceptions about the trial, the accused, and each other. Based on the play, all of the action takes place on the stage of the jury room.', 'A jury holdout attempts to prevent a miscarriage of justice by forcing his colleagues to reconsider the evidence.', '8', 429188, 6, 5, 6, 'http://ia.media-imdb.com/images/M/MV5BODQwOTc5MDM2N15BMl5BanBnXkFtZTcwODQxNTEzNA@@._V1_UX182_CR0,0,182,268_AL_.jpg'),
(7, 'Pulp Fiction', 1994, 154, 0, 'English', 'Jules Winnfield and Vincent Vega are two hitmen who are out to retrieve a suitcase stolen from their employer, mob boss Marsellus Wallace. Wallace has also asked Vincent to take his wife Mia out a few days later when Wallace himself will be out of town. Butch Coolidge is an aging boxer who is paid by Wallace to lose his next fight. The lives of these seemingly unrelated people are woven together comprising of a series of funny, bizarre and uncalled-for incidents.', 'The lives of two mob hit men, a boxer, a gangster''s wife, and a pair of diner bandits intertwine in four tales of violence and redemption.', '8', 1280295, 7, 0, 7, 'http://ia.media-imdb.com/images/M/MV5BMTkxMTA5OTAzMl5BMl5BanBnXkFtZTgwNjA5MDc3NjE@._V1_UX182_CR0,0,182,268_AL_.jpg'),
(8, 'The Lord of the Rings: The Return of the King', 2003, 201, 0, 'English', 'While Frodo & Sam continue to approach Mount Doom to destroy the One Ring, unaware of the path Gollum is leading them, the former Fellowship aid Rohan & Gondor in a great battle in the Pelennor Fields, Minas Tirith and the Black Gates as Sauron wages his last war against Middle-earth.', 'Gandalf and Aragorn lead the World of Men against Sauron''s army to draw his gaze from Frodo and Sam as they approach Mount Doom with the One Ring.', '8', 1175766, 8, 2, 8, 'http://ia.media-imdb.com/images/M/MV5BMjE4MjA1NTAyMV5BMl5BanBnXkFtZTcwNzM1NDQyMQ@@._V1_UX182_CR0,0,182,268_AL_.jpg'),
(9, 'The Good, the Bad and the Ugly', 1966, 161, 0, 'Italian', 'Blondie (The Good) is a professional gunslinger who is out trying to earn a few dollars. Angel Eyes (The Bad) is a hit man who always commits to a task and sees it through, as long as he is paid to do so. And Tuco (The Ugly) is a wanted outlaw trying to take care of his own hide. Tuco and Blondie share a partnership together making money off Tuco''s bounty, but when Blondie unties the partnership, Tuco tries to hunt down Blondie. When Blondie and Tuco come across a horse carriage loaded with dead bodies, they soon learn from the only survivor (Bill Carson) that he and a few other men have buried a stash of gold in a cemetery. Unfortunately Carson dies and Tuco only finds out the name of the cemetery, while Blondie finds out the name on the grave. Now the two must keep each other alive in order to find the gold. Angel Eyes (who had been looking for Bill Carson) discovers that Tuco and Blondie met with Carson and knows they know the location of the gold. All he needs is for the two to ...', 'A bounty hunting scam joins two men in an uneasy alliance against a third in a race to find a fortune in gold buried in a remote cemetery.', '8', 487224, 9, 5, 9, 'http://ia.media-imdb.com/images/M/MV5BOTQ5NDI3MTI4MF5BMl5BanBnXkFtZTgwNDQ4ODE5MDE@._V1_UX182_CR0,0,182,268_AL_.jpg'),
(10, 'Fight Club', 1999, 139, 0, 'English', 'A ticking-time-bomb insomniac and a slippery soap salesman channel primal male aggression into a shocking new form of therapy. Their concept catches on, with underground ''fight clubs'' forming in every town, until an eccentric gets in the way and ignites an out-of-control spiral toward oblivion.', 'An insomniac office worker, looking for a way to change his life, crosses paths with a devil-may-care soap maker, forming an underground fight club that evolves into something much, much more...', '8', 1298903, 10, 4, 10, 'http://ia.media-imdb.com/images/M/MV5BMjIwNTYzMzE1M15BMl5BanBnXkFtZTcwOTE5Mzg3OA@@._V1_UX182_CR0,0,182,268_AL_.jpg'),
(11, 'The Lord of the Rings: The Fellowship of the Ring', 2001, 178, 0, 'English', 'An ancient Ring thought lost for centuries has been found, and through a strange twist in fate has been given to a small Hobbit named Frodo. When Gandalf discovers the Ring is in fact the One Ring of the Dark Lord Sauron, Frodo must make an epic quest to the Cracks of Doom in order to destroy it! However he does not go alone. He is joined by Gandalf, Legolas the elf, Gimli the Dwarf, Aragorn, Boromir and his three Hobbit friends Merry, Pippin and Samwise. Through mountains, snow, darkness, forests, rivers and plains, facing evil and danger at every corner the Fellowship of the Ring must go. Their quest to destroy the One Ring is the only hope for the end of the Dark Lords reign!', 'A meek Hobbit and eight companions set out on a journey to destroy the One Ring and the Dark Lord Sauron.', '8', 1199393, 11, 5, 11, 'http://ia.media-imdb.com/images/M/MV5BNTEyMjAwMDU1OV5BMl5BanBnXkFtZTcwNDQyNTkxMw@@._V1_UY268_CR0,0,182,268_AL_.jpg'),
(12, 'Star Wars: Episode V - The Empire Strikes Back', 1980, 124, 0, 'English', 'After the Rebel base on the icy planet Hoth is taken over by the Empire, Han, Leia, Chewbacca, and C-3PO flee across the galaxy from the Empire. Luke travels to the forgotten planet of Dagobah to receive training from the Jedi master Yoda, while Vader endlessly pursues him.', 'After the rebels have been brutally overpowered by the Empire on their newly established base, Luke Skywalker takes advanced Jedi training with Master Yoda, while his friends are pursued by Darth Vader as part of his plan to capture Luke.', '8', 804929, 12, 2, 12, 'http://ia.media-imdb.com/images/M/MV5BMjE2MzQwMTgxN15BMl5BanBnXkFtZTcwMDQzNjk2OQ@@._V1_UX182_CR0,0,182,268_AL_.jpg'),
(13, 'Forrest Gump', 1994, 142, 0, 'English', 'Forrest Gump is a simple man with a low I.Q. but good intentions. He is running through childhood with his best and only friend Jenny. His ''mama'' teaches him the ways of life and leaves him to choose his destiny. Forrest joins the army for service in Vietnam, finding new friends called Dan and Bubba, he wins medals, creates a famous shrimp fishing fleet, inspires people to jog, starts a ping-pong craze, creates the smiley, writes bumper stickers and songs, donates to people and meets the president several times. However, this is all irrelevant to Forrest who can only think of his childhood sweetheart Jenny Curran, who has messed up her life. Although in the end all he wants to prove is that anyone can love anyone.', 'Forrest Gump, while not intelligent, has accidentally been present at many historic moments, but his true love, Jenny Curran, eludes him.', '8', 1201578, 13, 3, 13, 'http://ia.media-imdb.com/images/M/MV5BMTI1Nzk1MzQwMV5BMl5BanBnXkFtZTYwODkxOTA5._V1_UY268_CR2,0,182,268_AL_.jpg'),
(14, 'Inception', 2010, 148, 0, 'English', 'Dom Cobb is a skilled thief, the absolute best in the dangerous art of extraction, stealing valuable secrets from deep within the subconscious during the dream state, when the mind is at its most vulnerable. Cobb''s rare ability has made him a coveted player in this treacherous new world of corporate espionage, but it has also made him an international fugitive and cost him everything he has ever loved. Now Cobb is being offered a chance at redemption. One last job could give him his life back but only if he can accomplish the impossible - inception. Instead of the perfect heist, Cobb and his team of specialists have to pull off the reverse: their task is not to steal an idea but to plant one. If they succeed, it could be the perfect crime. But no amount of careful planning or expertise can prepare the team for the dangerous enemy that seems to predict their every move. An enemy that only Cobb could have seen coming.', 'A thief, who steals corporate secrets through use of dream-sharing technology, is given the inverse task of planting an idea into the mind of a CEO.', '8', 1413373, 14, 4, 14, 'http://ia.media-imdb.com/images/M/MV5BMjAxMzY3NjcxNF5BMl5BanBnXkFtZTcwNTI5OTM0Mw@@._V1_UX182_CR0,0,182,268_AL_.jpg'),
(15, 'The Lord of the Rings: The Two Towers', 2002, 179, 0, 'English', 'While Frodo and Sam, now accompanied by a new guide, continue their hopeless journey towards the land of shadow to destroy the One Ring, each member of the broken fellowship plays their part in the battle against the evil wizard Saruman and his armies of Isengard.', 'While Frodo and Sam edge closer to Mordor with the help of the shifty Gollum, the divided fellowship makes a stand against Sauron''s new ally, Saruman, and his hordes of Isengard.', '8', 1062783, 15, 1, 15, 'http://ia.media-imdb.com/images/M/MV5BMTAyNDU0NjY4NTheQTJeQWpwZ15BbWU2MDk4MTY2Nw@@._V1_UY268_CR0,0,182,268_AL_.jpg'),
(16, 'One Flew Over the Cuckoo''s Nest', 1975, 133, 0, 'English', 'McMurphy has a criminal past and has once again gotten himself into trouble and is sentenced by the court. To escape labor duties in prison, McMurphy pleads insanity and is sent to a ward for the mentally unstable. Once here, McMurphy both endures and stands witness to the abuse and degradation of the oppressive Nurse Ratched, who gains superiority and power through the flaws of the other inmates. McMurphy and the other inmates band together to make a rebellious stance against the atrocious Nurse.', 'A criminal pleads insanity after getting into trouble again and once in the mental institution rebels against the oppressive nurse and rallies up the scared patients.', '8', 658865, 16, 2, 16, 'http://ia.media-imdb.com/images/M/MV5BMTk5OTA4NTc0NF5BMl5BanBnXkFtZTcwNzI5Mzg3OA@@._V1_UY268_CR9,0,182,268_AL_.jpg'),
(17, 'Goodfellas', 1990, 146, 0, 'English', 'Henry Hill is a small time gangster, who takes part in a robbery with Jimmy Conway and Tommy De Vito, two other gangsters who have set their sights a bit higher. His two partners kill off everyone else involved in the robbery, and slowly start to climb up through the hierarchy of the Mob. Henry, however, is badly affected by his partners'' success, but will he stoop low enough to bring about the downfall of Jimmy and Tommy?', 'Henry Hill and his friends work their way up through the mob hierarchy.', '8', 704211, 17, 0, 17, 'http://ia.media-imdb.com/images/M/MV5BMTY2OTE5MzQ3MV5BMl5BanBnXkFtZTgwMTY2NTYxMTE@._V1_UX182_CR0,0,182,268_AL_.jpg'),
(18, 'The Matrix', 1999, 136, 0, 'English', 'Thomas A. Anderson is a man living two lives. By day he is an average computer programmer and by night a hacker known as Neo. Neo has always questioned his reality, but the truth is far beyond his imagination. Neo finds himself targeted by the police when he is contacted by Morpheus, a legendary computer hacker branded a terrorist by the government. Morpheus awakens Neo to the real world, a ravaged wasteland where most of humanity have been captured by a race of machines that live off of the humans'' body heat and electrochemical energy and who imprison their minds within an artificial reality known as the Matrix. As a rebel against the machines, Neo must return to the Matrix and confront the agents: super-powerful computer programs devoted to snuffing out Neo and the entire human rebellion.', 'A computer hacker learns from mysterious rebels about the true nature of his reality and his role in the war against its controllers.', '8', 1176637, 18, 1, 18, 'http://ia.media-imdb.com/images/M/MV5BMTkxNDYxOTA4M15BMl5BanBnXkFtZTgwNTk0NzQxMTE@._V1_UX182_CR0,0,182,268_AL_.jpg'),
(19, 'Seven Samurai', 1954, 207, 0, 'Japanese', 'A veteran samurai, who has fallen on hard times, answers a village''s request for protection from bandits. He gathers 6 other samurai to help him, and they teach the townspeople how to defend themselves, and they supply the samurai with three small meals a day. The film culminates in a giant battle when 40 bandits attack the village.', 'A poor village under attack by bandits recruits seven unemployed samurai to help them defend themselves.', '8', 222072, 19, 0, 19, 'http://ia.media-imdb.com/images/M/MV5BMTc5MDY1MjU5MF5BMl5BanBnXkFtZTgwNDM2OTE4MzE@._V1_UY268_CR4,0,182,268_AL_.jpg'),
(20, 'Star Wars: Episode IV - A New Hope', 1977, 121, 0, 'English', 'A young boy from Tatooine sets out on an adventure with an old Jedi named Obi-Wan Kenobi as his mentor to save Princess Leia from the ruthless Darth Vader and Destroy the Death Star built by the Empire which has the power to destroy the entire galaxy.', 'Luke Skywalker joins forces with a Jedi Knight, a cocky pilot, a wookiee and two droids to save the galaxy from the Empire''s world-destroying battle-station, while also attempting to rescue Princess Leia from the evil Darth Vader.', '8', 878645, 20, 1, 20, 'http://ia.media-imdb.com/images/M/MV5BOTIyMDY2NGQtOGJjNi00OTk4LWFhMDgtYmE3M2NiYzM0YTVmXkEyXkFqcGdeQXVyNTU1NTcwOTk@._V1_UX182_CR0,0,182,268_AL_.jpg'),
(21, 'City of God', 2002, 130, 0, 'Portuguese', 'Brazil, 1960s, City of God. The Tender Trio robs motels and gas trucks. Younger kids watch and learn well...too well. 1970s: Li''l Zé has prospered very well and owns the city. He causes violence and fear as he wipes out rival gangs without mercy. His best friend Bené is the only one to keep him on the good side of sanity. Rocket has watched these two gain power for years, and he wants no part of it. Yet he keeps getting swept up in the madness. All he wants to do is take pictures. 1980s: Things are out of control between the last two remaining gangs...will it ever end? Welcome to the City of God.', 'Two boys growing up in a violent neighborhood of Rio de Janeiro take different paths: one becomes a photographer, the other a drug dealer.', '8', 517031, 21, 3, 21, 'http://ia.media-imdb.com/images/M/MV5BMjA4ODQ3ODkzNV5BMl5BanBnXkFtZTYwOTc4NDI3._V1_UX182_CR0,0,182,268_AL_.jpg'),
(22, 'Se7en', 1995, 127, 0, 'English', 'A film about two homicide detectives'' desperate hunt for a serial killer who justifies his crimes as absolution for the world''s ignorance of the Seven Deadly Sins. The movie takes us from the tortured remains of one victim to the next as the sociopathic ''John Doe'' sermonizes to Detectives Somerset and Mills -- one sin at a time. The sin of Gluttony comes first and the murderer''s terrible capacity is graphically demonstrated in the dark and subdued tones characteristic of film noir. The seasoned and cultured but jaded Somerset researches the Seven Deadly Sins in an effort to understand the killer''s modus operandi while the bright but green and impulsive Detective Mills scoffs at his efforts to get inside the mind of a killer...', 'Two detectives, a rookie and a veteran, hunt a serial killer who uses the seven deadly sins as his modus operandi.', '8', 987124, 22, 2, 22, 'http://ia.media-imdb.com/images/M/MV5BMTQwNTU3MTE4NF5BMl5BanBnXkFtZTcwOTgxNDM2Mg@@._V1_UX182_CR0,0,182,268_AL_.jpg'),
(23, 'The Silence of the Lambs', 1991, 118, 0, 'English', 'Young FBI agent Clarice Starling is assigned to help find a missing woman to save her from a psychopathic serial killer who skins his victims. Clarice attempts to gain a better insight into the twisted mind of the killer by talking to another psychopath: Hannibal Lecter, who used to be a respected psychiatrist. FBI agent Jack Crawford believes that Lecter, who is also a very powerful and clever mind manipulator, has the answers to their questions and can help locate the killer. However, Clarice must first gain Lecter''s confidence before the inmate will give away any information.', 'A young F.B.I. cadet must confide in an incarcerated and manipulative killer to receive his help on catching another serial killer who skins his victims.', '8', 853395, 23, 4, 23, 'http://ia.media-imdb.com/images/M/MV5BMTQ2NzkzMDI4OF5BMl5BanBnXkFtZTcwMDA0NzE1NA@@._V1_UX182_CR0,0,182,268_AL_.jpg'),
(24, 'It''s a Wonderful Life', 1946, 130, 0, 'English', 'George Bailey has spent his entire life giving of himself to the people of Bedford Falls. He has always longed to travel but never had the opportunity in order to prevent rich skinflint Mr. Potter from taking over the entire town. All that prevents him from doing so is George''s modest building and loan company, which was founded by his generous father. But on Christmas Eve, George''s Uncle Billy loses the business''s $8,000 while intending to deposit it in the bank. Potter finds the misplaced money and hides it from Billy. When the bank examiner discovers the shortage later that night, George realizes that he will be held responsible and sent to jail and the company will collapse, finally allowing Potter to take over the town. Thinking of his wife, their young children, and others he loves will be better off with him dead, he contemplates suicide. But the prayers of his loved ones result in a gentle angel named Clarence coming to earth to help George, with the promise of earning his ...', 'An angel helps a compassionate but despairingly frustrated businessman by showing what life would have been like if he never existed.', '8', 266916, 24, 5, 24, 'http://ia.media-imdb.com/images/M/MV5BMTMzMzY5NDc4M15BMl5BanBnXkFtZTcwMzc4NjIxNw@@._V1_UX182_CR0,0,182,268_AL_.jpg'),
(25, 'The Usual Suspects', 1995, 106, 0, 'English', 'Following a truck hijack in New York, five conmen are arrested and brought together for questioning. As none of them are guilty, they plan a revenge operation against the police. The operation goes well, but then the influence of a legendary mastermind criminal called Keyser Söze is felt. It becomes clear that each one of them has wronged Söze at some point and must pay back now. The payback job leaves 27 men dead in a boat explosion, but the real question arises now: Who actually is Keyser Söze?', 'A sole survivor tells of the twisty events leading up to a horrific gun battle on a boat, which begin when five criminals meet at a seemingly random police lineup.', '8', 716534, 25, 1, 25, 'http://ia.media-imdb.com/images/M/MV5BMzI1MjI5MDQyOV5BMl5BanBnXkFtZTcwNzE4Mjg3NA@@._V1_UX182_CR0,0,182,268_AL_.jpg'),
(26, 'Life Is Beautiful', 1997, 116, 0, 'Italian', 'In 1930s Italy, a carefree Jewish book keeper named Guido starts a fairy tale life by courting and marrying a lovely woman from a nearby city. Guido and his wife have a son and live happily together until the occupation of Italy by German forces. In an attempt to hold his family together and help his son survive the horrors of a Jewish Concentration Camp, Guido imagines that the Holocaust is a game and that the grand prize for winning is a tank.', 'When an open-minded Jewish librarian and his son become victims of the Holocaust, he uses a perfect mixture of will, humor and imagination to protect his son from the dangers around their camp.', '8', 402856, 26, 5, 26, 'http://ia.media-imdb.com/images/M/MV5BMTQwMTM2MjE4Ml5BMl5BanBnXkFtZTgwODQ2NTYxMTE@._V1_UX182_CR0,0,182,268_AL_.jpg'),
(27, 'Léon: The Professional', 1994, 110, 0, 'English', 'After her father, mother, older sister and little brother are killed by her father''s employers, the 12-year-old daughter of an abject drug dealer is forced to take refuge in the apartment of a professional hitman who at her request teaches her the methods of his job so she can take her revenge on the corrupt DEA agent who ruined her life by killing her beloved brother.', 'Mathilda, a 12-year-old girl, is reluctantly taken in by Léon, a professional assassin, after her family is murdered. Léon and Mathilda form an unusual relationship, as she becomes his protégée and learns the assassin''s trade.', '8', 699927, 27, 5, 27, 'http://ia.media-imdb.com/images/M/MV5BMTgzMzg4MDkwNF5BMl5BanBnXkFtZTcwODAwNDg3OA@@._V1_UY268_CR3,0,182,268_AL_.jpg'),
(28, 'Once Upon a Time in the West', 1968, 175, 0, 'English', 'Story of a young woman, Mrs. McBain, who moves from New Orleans to frontier Utah, on the very edge of the American West. She arrives to find her new husband and family slaughtered, but by whom? The prime suspect, coffee-lover Cheyenne, befriends her and offers to go after the real killer, assassin gang leader Frank, in her honor. He is accompanied by Harmonica, a man already on a quest to get even.', 'Epic story of a mysterious stranger with a harmonica who joins forces with a notorious desperado to protect a beautiful widow from a ruthless assassin working for the railroad.', '8', 209101, 28, 4, 28, 'http://ia.media-imdb.com/images/M/MV5BMTEyODQzNDkzNjVeQTJeQWpwZ15BbWU4MDgyODk1NDEx._V1_UY268_CR3,0,182,268_AL_.jpg'),
(29, 'Spirited Away', 2001, 125, 0, 'Japanese', 'Chihiro and her parents are moving to a small Japanese town in the countryside, much to Chihiro''s dismay. On the way to their new home, Chihiro''s father makes a wrong turn and drives down a lonely one-lane road which dead-ends in front of a tunnel. Her parents decide to stop the car and explore the area. They go through the tunnel and find an abandoned amusement park on the other side, with its own little town. When her parents see a restaurant with great-smelling food but no staff, they decide to eat and pay later. However, Chihiro refuses to eat and decides to explore the theme park a bit more. She meets a boy named Haku who tells her that Chihiro and her parents are in danger, and they must leave immediately. She runs to the restaurant and finds that her parents have turned into pigs. In addition, the theme park turns out to be a town inhabited by demons, spirits, and evil gods. At the center of the town is a bathhouse where these creatures go to relax. The owner of the bathhouse ...', 'During her family''s move to the suburbs, a sullen 10-year-old girl wanders into a world ruled by gods, witches, and spirits, and where humans are changed into beasts.', '8', 399725, 29, 2, 29, 'http://ia.media-imdb.com/images/M/MV5BMjYxMDcyMzIzNl5BMl5BanBnXkFtZTYwNDg2MDU3._V1_UY268_CR4,0,182,268_AL_.jpg'),
(30, 'Saving Private Ryan', 1998, 169, 0, 'English', 'Opening with the Allied invasion of Normandy on 6 June 1944, members of the 2nd Ranger Battalion under Cpt. Miller fight ashore to secure a beachhead. Amidst the fighting, two brothers are killed in action. Earlier in New Guinea, a third brother is KIA. Their mother, Mrs. Ryan, is to receive all three of the grave telegrams on the same day. The United States Army Chief of Staff, George C. Marshall, is given an opportunity to alleviate some of her grief when he learns of a fourth brother, Private James Ryan, and decides to send out 8 men (Cpt. Miller and select members from 2nd Rangers) to find him and bring him back home to his mother...', 'Following the Normandy Landings, a group of U.S. soldiers go behind enemy lines to retrieve a paratrooper whose brothers have been killed in action.', '8', 849476, 30, 5, 30, 'http://ia.media-imdb.com/images/M/MV5BNjczODkxNTAxN15BMl5BanBnXkFtZTcwMTcwNjUxMw@@._V1_UY268_CR7,0,182,268_AL_.jpg'),
(31, 'Interstellar', 2014, 169, 0, 'English', 'In the near future, Earth has been devastated by drought and famine, causing a scarcity in food and extreme changes in climate. When humanity is facing extinction, a mysterious rip in the space-time continuum is discovered, giving mankind the opportunity to widen its lifespan. A group of explorers must travel beyond our solar system in search of a planet that can sustain life. The crew of the Endurance are required to think bigger and go further than any human in history as they embark on an interstellar voyage into the unknown. Coop, the pilot of the Endurance, must decide between seeing his children again and the future of the human race.', 'A team of explorers travel through a wormhole in space in an attempt to ensure humanity''s survival.', '8', 871243, 31, 4, 31, 'http://ia.media-imdb.com/images/M/MV5BMjIxNTU4MzY4MF5BMl5BanBnXkFtZTgwMzM4ODI3MjE@._V1_UX182_CR0,0,182,268_AL_.jpg'),
(32, 'Casablanca', 1942, 102, 0, 'English', 'In World War II Casablanca, Rick Blaine, exiled American and former freedom fighter, runs the most popular nightspot in town. The cynical lone wolf Blaine comes into the possession of two valuable letters of transit. When Nazi Major Strasser arrives in Casablanca, the sycophantic police Captain Renault does what he can to please him, including detaining a Czechoslovak underground leader Victor Laszlo. Much to Rick''s surprise, Lazslo arrives with Ilsa, Rick''s one time love. Rick is very bitter towards Ilsa, who ran out on him in Paris, but when he learns she had good reason to, they plan to run off together again using the letters of transit. Well, that was their original plan....', 'In Casablanca, Morocco during the early days of World War II, an American expatriate meets a former lover, with unforeseen complications.', '8', 376481, 32, 0, 32, 'http://ia.media-imdb.com/images/M/MV5BMjQwNDYyNTk2N15BMl5BanBnXkFtZTgwMjQ0OTMyMjE@._V1_UX182_CR0,0,182,268_AL_.jpg'),
(33, 'American History X', 1998, 119, 0, 'English', 'Derek Vineyard is paroled after serving 3 years in prison for killing two thugs who tried to break into/steal his truck. Through his brother, Danny Vineyard''s narration, we learn that before going to prison, Derek was a skinhead and the leader of a violent white supremacist gang that committed acts of racial crime throughout L.A. and his actions greatly influenced Danny. Reformed and fresh out of prison, Derek severs contact with the gang and becomes determined to keep Danny from going down the same violent path as he did.', 'A former neo-nazi skinhead tries to prevent his younger brother from going down the same wrong path that he did.', '8', 758193, 33, 0, 33, 'http://ia.media-imdb.com/images/M/MV5BMjMzNDUwNTIyMF5BMl5BanBnXkFtZTcwNjMwNDg3OA@@._V1_UY268_CR14,0,182,268_AL_.jpg'),
(34, 'City Lights', 1931, 87, 0, 'English', 'A tramp falls in love with a beautiful blind girl. Her family is in financial trouble. The tramp''s on-and-off friendship with a wealthy man allows him to be the girl''s benefactor and suitor.', 'With the aid of a wealthy erratic tippler, a dewy-eyed tramp who has fallen in love with a sightless flower girl accumulates money to be able to help her medically.', '8', 103520, 34, 2, 34, 'http://ia.media-imdb.com/images/M/MV5BMjA3NDQ5MDMzOV5BMl5BanBnXkFtZTgwODY2MjcyMjE@._V1_UX182_CR0,0,182,268_AL_.jpg'),
(35, 'Psycho', 1960, 109, 0, 'English', 'Phoenix officeworker Marion Crane is fed up with the way life has treated her. She has to meet her lover Sam in lunch breaks and they cannot get married because Sam has to give most of his money away in alimony. One Friday Marion is trusted to bank $40,000 by her employer. Seeing the opportunity to take the money and start a new life, Marion leaves town and heads towards Sam''s California store. Tired after the long drive and caught in a storm, she gets off the main highway and pulls into The Bates Motel. The motel is managed by a quiet young man called Norman who seems to be dominated by his mother.', 'A Phoenix secretary steals $40,000 from her employer''s client, goes on the run and checks into a remote motel run by a young man under the domination of his mother.', '8', 407151, 35, 5, 35, 'http://ia.media-imdb.com/images/M/MV5BMTgzMzM3NDY0NF5BMl5BanBnXkFtZTgwNDgwNDgwNzE@._V1_UX182_CR0,0,182,268_AL_.jpg'),
(36, 'Raiders of the Lost Ark', 1981, 115, 0, 'English', 'The year is 1936. An archeology professor named Indiana Jones is venturing in the jungles of South America searching for a golden statue. Unfortunately, he sets off a deadly trap but miraculously escapes. Then, Jones hears from a museum curator named Marcus Brody about a biblical artifact called The Ark of the Covenant, which can hold the key to humanly existence. Jones has to venture to vast places such as Nepal and Egypt to find this artifact. However, he will have to fight his enemy Rene Belloq and a band of Nazis in order to reach it.', 'Archaeologist and adventurer Indiana Jones is hired by the US government to find the Ark of the Covenant before the Nazis.', '8', 639753, 36, 4, 36, 'http://ia.media-imdb.com/images/M/MV5BMjA0ODEzMTc1Nl5BMl5BanBnXkFtZTcwODM2MjAxNA@@._V1_UX182_CR0,0,182,268_AL_.jpg'),
(37, 'Rear Window', 1954, 112, 0, 'English', 'Professional photographer L.B. ''Jeff'' Jeffries breaks his leg while getting an action shot at an auto race. Confined to his New York apartment, he spends his time looking out of the rear window observing the neighbors. He begins to suspect that a man across the courtyard may have murdered his wife. Jeff enlists the help of his high society fashion-consultant girlfriend Lisa Freemont and his visiting nurse Stella to investigate.', 'A wheelchair-bound photographer spies on his neighbours from his apartment window and becomes convinced one of them has committed murder.', '8', 305386, 37, 4, 37, 'http://ia.media-imdb.com/images/M/MV5BMjAxNDM0NTcyOV5BMl5BanBnXkFtZTgwODE1NjM0MTE@._V1_UX182_CR0,0,182,268_AL_.jpg'),
(38, 'The Intouchables', 2011, 112, 0, 'French', 'In Paris, the aristocratic and intellectual Philippe is a quadriplegic millionaire who is interviewing candidates for the position of his carer, with his red-haired secretary Magalie. Out of the blue, the rude African Driss cuts the line of candidates and brings a document from the Social Security and asks Phillipe to sign it to prove that he is seeking a job position so he can receive his unemployment benefit. Philippe challenges Driss, offering him a trial period of one month to gain experience helping him. Then Driss can decide whether he would like to stay with him or not. Driss accepts the challenge and moves to the mansion, changing the boring life of Phillipe and his employees.', 'After he becomes a quadriplegic from a paragliding accident, an aristocrat hires a young man from the projects to be his caregiver.', '8', 479567, 38, 3, 38, 'http://ia.media-imdb.com/images/M/MV5BMTYxNDA3MDQwNl5BMl5BanBnXkFtZTcwNTU4Mzc1Nw@@._V1_UX182_CR0,0,182,268_AL_.jpg'),
(39, 'Modern Times', 1936, 87, 0, 'English', 'Chaplins last ''silent'' film, filled with sound effects, was made when everyone else was making talkies. Charlie turns against modern society, the machine age, (The use of sound in films ?) and progress. Firstly we see him frantically trying to keep up with a production line, tightening bolts. He is selected for an experiment with an automatic feeding machine, but various mishaps leads his boss to believe he has gone mad, and Charlie is sent to a mental hospital... When he gets out, he is mistaken for a communist while waving a red flag, sent to jail, foils a jailbreak, and is let out again. We follow Charlie through many more escapades before the film is out.', 'The Tramp struggles to live in modern industrial society with the help of a young homeless woman.', '8', 136650, 39, 4, 39, 'http://ia.media-imdb.com/images/M/MV5BMjAyMTkxNjI5OF5BMl5BanBnXkFtZTYwMjI2MjA5._V1_UY268_CR7,0,182,268_AL_.jpg'),
(40, 'The Green Mile', 1999, 189, 0, 'English', 'Death Row guards at a penitentiary, in the 1930''s, have a moral dilemma with their job when they discover one of their prisoners, a convicted murderer, has a special gift.', 'The lives of guards on Death Row are affected by one of their charges: a black man accused of child murder and rape, yet who has a mysterious gift.', '8', 751928, 40, 5, 40, 'http://ia.media-imdb.com/images/M/MV5BMTUxMzQyNjA5MF5BMl5BanBnXkFtZTYwOTU2NTY3._V1_UX182_CR0,0,182,268_AL_.jpg'),
(41, 'Terminator 2: Judgment Day', 1991, 137, 0, 'English', 'Almost 10 years have passed since the first cyborg called The Terminator tried to kill Sarah Connor and her unborn son, John Connor. John Connor, the future leader of the human resistance, is now a healthy young boy. However another Terminator is sent back through time called the T-1000, which is more advanced and more powerful than its predecessor. The Mission: to kill John Connor when he''s still a child. However, Sarah and John do not have to face this threat of a Terminator alone. Another Terminator is also sent back through time. The mission: to protect John and Sarah Connor at all costs. The battle for tomorrow has begun...', 'A cyborg, identical to the one who failed to kill Sarah Connor, must now protect her young son, John Connor, from a more advanced cyborg, made out of liquid metal.', '8', 720265, 41, 1, 41, 'http://ia.media-imdb.com/images/M/MV5BMTI4MDAwMDY3N15BMl5BanBnXkFtZTcwODIwMzMzMQ@@._V1._CR46,1,342,473_UY268_CR6,0,182,268_AL_.jpg'),
(42, 'The Pianist', 2002, 150, 0, 'English', 'A brilliant pianist, a Polish Jew, witnesses the restrictions Nazis place on Jews in the Polish capital, from restricted access to the building of the Warsaw ghetto. As his family is rounded up to be shipped off to the Nazi labor camps, he escapes deportation and eludes capture by living in the ruins of Warsaw.', 'A Polish Jewish musician struggles to survive the destruction of the Warsaw ghetto of World War II.', '8', 479391, 42, 4, 42, 'http://ia.media-imdb.com/images/M/MV5BMTc4OTkyOTA3OF5BMl5BanBnXkFtZTYwMDIxNjk5._V1_UX182_CR0,0,182,268_AL_.jpg'),
(43, 'The Departed', 2006, 151, 0, 'English', 'In South Boston, the state police force is waging war on Irish-American organized crime. Young undercover cop Billy Costigan () is assigned to infiltrate the mob syndicate run by gangland chief Frank Costello (). While Billy quickly gains Costello''s confidence, Colin Sullivan (), a hardened young criminal who has infiltrated the state police as an informer for the syndicate is rising to a position of power in the Special Investigation Unit. Each man becomes deeply consumed by their double lives, gathering information about the plans and counter-plans of the operations they have penetrated. But when it becomes clear to both the mob and the police that there is a mole in their midst, Billy and Colin are suddenly in danger of being caught and exposed to the enemy - and each must race to uncover the identity of the other man in time to save themselves. But is either willing to turn on their friends and comrades they''ve made during their long stints...', 'An undercover cop and a mole in the police attempt to identify each other while infiltrating an Irish gang in South Boston.', '8', 842983, 43, 0, 43, 'http://ia.media-imdb.com/images/M/MV5BMTI1MTY2OTIxNV5BMl5BanBnXkFtZTYwNjQ4NjY3._V1_UX182_CR0,0,182,268_AL_.jpg'),
(44, 'Back to the Future', 1985, 116, 0, 'English', 'Marty McFly, a typical American teenager of the Eighties, is accidentally sent back to 1955 in a plutonium-powered DeLorean ''time machine'' invented by a slightly mad scientist. During his often hysterical, always amazing trip back in time, Marty must make certain his teenage parents-to-be meet and fall in love - so he can get back to the future.', 'A young man is accidentally sent thirty years into the past in a time-traveling DeLorean invented by his friend, Dr. Emmett Brown, and must make sure his high-school-age parents unite in order to save his own existence.', '8', 703311, 44, 2, 44, 'http://ia.media-imdb.com/images/M/MV5BMjA5NTYzMDMyM15BMl5BanBnXkFtZTgwNjU3NDU2MTE@._V1_UX182_CR0,0,182,268_AL_.jpg'),
(45, 'Whiplash', 2014, 107, 0, 'English', 'A young and talented drummer attending a prestigious music academy finds himself under the wing of the most respected professor at the school, one who does not hold back on abuse towards his students. The two form an odd relationship as the student wants to achieve greatness, and the professor pushes him.', 'A promising young drummer enrolls at a cut-throat music conservatory where his dreams of greatness are mentored by an instructor who will stop at nothing to realize a student''s potential.', '8', 366437, 45, 4, 45, 'http://ia.media-imdb.com/images/M/MV5BMTU4OTQ3MDUyMV5BMl5BanBnXkFtZTgwOTA2MjU0MjE@._V1_UX182_CR0,0,182,268_AL_.jpg'),
(46, 'Memento', 2000, 113, 0, 'English', 'Memento chronicles two separate stories of Leonard, an ex-insurance investigator who can no longer build new memories, as he attempts to find the murderer of his wife, which is the last thing he remembers. One story line moves forward in time while the other tells the story backwards revealing more each time.', 'A man creates a strange system to help him remember things; so he can hunt for the murderer of his wife without his short-term memory loss being an obstacle.', '8', 818918, 46, 0, 46, 'http://ia.media-imdb.com/images/M/MV5BMTc4MjUxNDAwN15BMl5BanBnXkFtZTcwMDMwNDg3OA@@._V1_UY268_CR9,0,182,268_AL_.jpg'),
(47, 'Gladiator', 2000, 155, 0, 'English', 'Maximus is a powerful Roman general, loved by the people and the aging Emperor, Marcus Aurelius. Before his death, the Emperor chooses Maximus to be his heir over his own son, Commodus, and a power struggle leaves Maximus and his family condemned to death. The powerful general is unable to save his family, and his loss of will allows him to get captured and put into the Gladiator games until he dies. The only desire that fuels him now is the chance to rise to the top so that he will be able to look into the eyes of the man who will feel his revenge.', 'When a Roman general is betrayed and his family murdered by an emperor''s corrupt son, he comes to Rome as a gladiator to seek revenge.', '8', 949188, 47, 5, 47, 'http://ia.media-imdb.com/images/M/MV5BMTgwMzQzNTQ1Ml5BMl5BanBnXkFtZTgwMDY2NTYxMTE@._V1_UX182_CR0,0,182,268_AL_.jpg'),
(48, 'Apocalypse Now', 1979, 153, 0, 'English', 'It is the height of the war in Vietnam, and U.S. Army Captain Willard is sent by Colonel Lucas and a General to carry out a mission that, officially, ''does not exist - nor will it ever exist''. The mission: To seek out a mysterious Green Beret Colonel, Walter Kurtz, whose army has crossed the border into Cambodia and is conducting hit-and-run missions against the Viet Cong and NVA. The army believes Kurtz has gone completely insane and Willard''s job is to eliminate him! Willard, sent up the Nung River on a U.S. Navy patrol boat, discovers that his target is one of the most decorated officers in the U.S. Army. His crew meets up with surfer-type Lt-Colonel Kilgore, head of a U.S Army helicopter cavalry group which eliminates a Viet Cong outpost to provide an entry point into the Nung River. After some hair-raising encounters, in which some of his crew are killed, Willard, Lance and Chef reach Colonel Kurtz''s outpost, beyond the Do Lung Bridge. Now, after becoming prisoners of Kurtz, will...', 'During the Vietnam War, Captain Willard is sent on a dangerous mission into Cambodia to assassinate a renegade colonel who has set himself up as a god among a local tribe.', '8', 437505, 48, 3, 48, 'http://ia.media-imdb.com/images/M/MV5BMTcyMzQ5NDM4OV5BMl5BanBnXkFtZTcwODUwNDg3OA@@._V1_UY268_CR9,0,182,268_AL_.jpg'),
(49, 'The Prestige', 2006, 130, 0, 'English', 'In the end of the Nineteenth Century, in London, Robert Angier, his beloved wife Julia McCullough and Alfred Borden are friends and assistants of a magician. When Julia accidentally dies during a performance, Robert blames Alfred for her death and they become enemies. Both become famous and rival magicians, sabotaging the performance of the other on the stage. When Alfred performs a successful trick, Robert becomes obsessed trying to disclose the secret of his competitor with tragic consequences.', 'Two stage magicians engage in competitive one-upmanship in an attempt to create the ultimate stage illusion.', '8', 811687, 49, 3, 49, 'http://ia.media-imdb.com/images/M/MV5BMjA4NDI0MTIxNF5BMl5BanBnXkFtZTYwNTM0MzY2._V1_UX182_CR0,0,182,268_AL_.jpg'),
(50, 'Dr. Strangelove or: How I Learned to Stop Worrying and Love the Bomb', 1964, 95, 0, 'English', 'Paranoid Brigadier General Jack D. Ripper of Burpelson Air Force Base, he believing that fluoridation of the American water supply is a Soviet plot to poison the U.S. populace, is able to deploy through a back door mechanism a nuclear attack on the Soviet Union without the knowledge of his superiors, including the Chair of the Joint Chiefs of Staff, General Buck Turgidson, and President Merkin Muffley. Only Ripper knows the code to recall the B-52 bombers and he has shut down communication in and out of Burpelson as a measure to protect this attack. Ripper''s executive officer, RAF Group Captain Lionel Mandrake (on exchange from Britain), who is being held at Burpelson by Ripper, believes he knows the recall codes if he can only get a message to the outside world. Meanwhile at the Pentagon War Room, key persons including Muffley, Turgidson and nuclear scientist and adviser, a former Nazi named Dr. Strangelove, are discussing measures to stop the attack or mitigate its blow-up into an ...', 'An insane general triggers a path to nuclear holocaust that a war room full of politicians and generals frantically try to stop.', '8', 332384, 50, 4, 50, 'http://ia.media-imdb.com/images/M/MV5BMTU2ODM2NTkxNF5BMl5BanBnXkFtZTcwOTMwMzU3Mg@@._V1_UX182_CR0,0,182,268_AL_.jpg'),
(51, 'The Lion King', 1994, 89, 0, 'English', 'A young lion Prince is cast out of his pride by his cruel uncle, who claims he killed his father. While the uncle rules with an iron fist, the prince grows up beyond the savannah, living by a philosophy: No worries for the rest of your days. But when his past comes to haunt him, the young Prince must decide his fate: will he remain an outcast, or face his demons and become what he needs to be?', 'Lion cub and future king Simba searches for his identity. His eagerness to please others and penchant for testing his boundaries sometimes gets him into trouble.', '8', 616703, 51, 1, 51, 'http://ia.media-imdb.com/images/M/MV5BMjEyMzgwNTUzMl5BMl5BanBnXkFtZTcwNTMxMzM3Ng@@._V1_UY268_CR12,0,182,268_AL_.jpg'),
(52, 'Sunset Blvd.', 1950, 110, 0, 'English', 'The story, set in ''50s Hollywood, focuses on Norma Desmond, a silent-screen goddess whose pathetic belief in her own indestructibility has turned her into a demented recluse. The crumbling Sunset Boulevard mansion where she lives with only her butler, Max who was once her director and husband has become her self-contained world. Norma dreams of a comeback to pictures and she begins a relationship with Joe Gillis, a small-time writer who becomes her lover, that will soon end with murder and total madness.', 'A hack screenwriter writes a screenplay for a former silent-film star who has faded into Hollywood obscurity.', '8', 134896, 52, 4, 52, 'http://ia.media-imdb.com/images/M/MV5BMTc3NDYzODAwNV5BMl5BanBnXkFtZTgwODg1MTczMTE@._V1_UX182_CR0,0,182,268_AL_.jpg'),
(53, 'Alien', 1979, 117, 0, 'English', 'A commercial crew aboard the deep space towing vessel, Nostromo is on its way home when they pick up an SOS warning from a distant planet. What they don''t know is that the SOS warning is not like any other ordinary warning call. Picking up the signal, the crew realize that they are not alone on the spaceship when an alien stowaway is on the cargo ship.', 'After a space merchant vessel perceives an unknown transmission as distress call, their landing on the source planet finds one of the crew attacked by a mysterious lifeform. Continuing their journey back to Earth with the attacked crew having recovered an', '8', 544180, 53, 4, 53, 'http://ia.media-imdb.com/images/M/MV5BMTU1ODQ4NjQyOV5BMl5BanBnXkFtZTgwOTQ3NDU2MTE@._V1_UX182_CR0,0,182,268_AL_.jpg'),
(54, 'The Great Dictator', 1940, 125, 0, 'English', 'Twenty years after the end of WWI in which the nation of Tomainia was on the losing side, Adenoid Hynkel has risen to power as the ruthless dictator of the country. He believes in a pure Aryan state, and the decimation of the Jews. This situation is unknown to a simple Jewish-Tomainian barber who has since been hospitalized the result of a WWI battle. Upon his release, the barber, who had been suffering from memory loss about the war, is shown the new persecuted life of the Jews by many living in the Jewish ghetto, including a washerwoman named Hannah, with whom he begins a relationship. The barber is ultimately spared such persecution by Commander Schultz, who he saved in that WWI battle. The lives of all Jews in Tomainia are eventually spared with a policy shift by Hynkel himself, who is doing so for ulterior motives. But those motives include a want for world domination, starting with the invasion of neighboring Osterlich, which may be threatened by Benzino Napaloni, the dictator ...', 'Dictator Adenoid Hynkel tries to expand his empire while a poor Jewish barber tries to avoid persecution from Hynkel''s regime.', '8', 131639, 54, 1, 54, 'http://ia.media-imdb.com/images/M/MV5BMTQ5NDAwMDgzOV5BMl5BanBnXkFtZTgwNDI2MjA0MjE@._V1_UX182_CR0,0,182,268_AL_.jpg'),
(55, 'The Lives of Others', 2006, 137, 0, 'German', 'Gerd Wiesler is an officer with the Stasi, the East German secret police. The film begins in 1984 when Wiesler attends a play written by Georg Dreyman, who is considered by many to be the ultimate example of the loyal citizen. Wiesler has a gut feeling that Dreyman can''t be as ideal as he seems and believes surveillance is called for. The Minister of Culture agrees but only later does Wiesler learn that the Minister sees Dreyman as a rival and lusts after his partner Christa-Maria. The more time he spends listening in on them, the more he comes to care about them. The once rigid Stasi officer begins to intervene in their lives, in a positive way, protecting them whenever possible. Eventually, Wiesler activities catch up to him and while there is no proof of wrongdoing, he finds himself in menial jobs - until the unbelievable happens.', 'In 1984 East Berlin, an agent of the secret police, conducting surveillance on a writer and his lover, finds himself becoming increasingly absorbed by their lives.', '8', 251006, 55, 3, 55, 'http://ia.media-imdb.com/images/M/MV5BNDUzNjYwNDYyNl5BMl5BanBnXkFtZTcwNjU3ODQ0MQ@@._V1_UX182_CR0,0,182,268_AL_.jpg');
INSERT INTO `movies` (`id`, `title`, `year`, `runtime`, `country`, `language`, `plot`, `simplePlot`, `rating`, `votes`, `ranking`, `awards`, `director_id`, `img_url`) VALUES
(56, 'Cinema Paradiso', 1988, 155, 0, 'Italian', 'A famous film director remembers his childhood at the Cinema Paradiso where Alfredo, the projectionist, first brought about his love of films. He returns home to his Sicilian village for the first time after almost 30 years and is reminded of his first love, Elena, who disappeared from his life before he left for Rome.', 'A filmmaker recalls his childhood, when he fell in love with the movies at his village''s theater and formed a deep friendship with the theater''s projectionist.', '8', 146303, 56, 2, 56, 'http://ia.media-imdb.com/images/M/MV5BMjIzMTgzOTEwOF5BMl5BanBnXkFtZTgwNTUxNjcxMTE@._V1_UX182_CR0,0,182,268_AL_.jpg'),
(57, 'Django Unchained', 2012, 165, 0, 'English', 'Former dentist, Dr. King Schultz, buys the freedom of a slave, Django, and trains him with the intent to make him his deputy bounty hunter. Instead, he is led to the site of Django''s wife who is under the hands of Calvin Candie, a ruthless plantation owner.', 'With the help of a German bounty hunter, a freed slave sets out to rescue his wife from a brutal Mississippi plantation owner.', '8', 914083, 57, 4, 57, 'http://ia.media-imdb.com/images/M/MV5BMjIyNTQ5NjQ1OV5BMl5BanBnXkFtZTcwODg1MDU4OA@@._V1_UX182_CR0,0,182,268_AL_.jpg'),
(58, 'The Shining', 1980, 146, 0, 'English', 'Signing a contract, Jack Torrance, a normal writer and former teacher agrees to take care of a hotel which has a long, violent past that puts everyone in the hotel in a nervous situation. While Jack slowly gets more violent and angry of his life, his son, Danny, tries to use a special talent, the ''Shining'', to inform the people outside about whatever that is going on in the hotel.', 'A family heads to an isolated hotel for the winter where an evil and spiritual presence influences the father into violence, while his psychic son sees horrific forebodings from the past and of the future.', '8', 587456, 58, 2, 58, 'http://ia.media-imdb.com/images/M/MV5BODMxMjE3NTA4Ml5BMl5BanBnXkFtZTgwNDc0NTIxMDE@._V1_UY268_CR0,0,182,268_AL_.jpg'),
(59, 'Paths of Glory', 1957, 88, 0, 'English', 'The futility and irony of the war in the trenches in WWI is shown as a unit commander in the French army must deal with the mutiny of his men and a glory-seeking general after part of his force falls back under fire in an impossible attack.', 'After refusing to attack an enemy position, a general accuses the soldiers of cowardice and their commanding officer must defend them.', '8', 116455, 59, 3, 59, 'http://ia.media-imdb.com/images/M/MV5BMTUxNTcxMjI5NV5BMl5BanBnXkFtZTcwNTcyNjI3Mw@@._V1._CR17,1,331,497_UX182_CR0,0,182,268_AL_.jpg'),
(60, 'Grave of the Fireflies', 1988, 89, 0, 'Japanese', 'Setsuko and Seita are brother and sister living in wartime Japan. After their mother is killed in an air raid they find a temporary home with relatives. Having quarreled with their aunt they leave the city and make their home in an abandoned shelter. While their soldier father''s destiny is unknown, the two must depend on each other to somehow keep a roof over their heads and food in their stomachs. When everything is in short supply, they gradually succumb to hunger and their only entertainment is the light of the fireflies.', 'A tragic film covering a young boy and his little sister''s struggle to survive in Japan during World War II.', '8', 131388, 60, 5, 60, 'http://ia.media-imdb.com/images/M/MV5BMTgyMzUwMTMxMl5BMl5BanBnXkFtZTgwODYyMDk2MjE@._V1_UY268_CR0,0,182,268_AL_.jpg'),
(61, 'WALL·E', 2008, 98, 0, 'English', 'In a distant, but not so unrealistic, future where mankind has abandoned earth because it has become covered with trash from products sold by the powerful multi-national Buy N Large corporation, WALL-E, a garbage collecting robot has been left to clean up the mess. Mesmerized with trinkets of Earth''s history and show tunes, WALL-E is alone on Earth except for a sprightly pet cockroach. One day, EVE, a sleek (and dangerous) reconnaissance robot, is sent to Earth to find proof that life is once again sustainable. WALL-E falls in love with EVE. WALL-E rescues EVE from a dust storm and shows her a living plant he found amongst the rubble. Consistent with her ''directive'', EVE takes the plant and automatically enters a deactivated state except for a blinking green beacon. WALL-E, doesn''t understand what has happened to his new friend, but, true to his love, he protects her from wind, rain, and lightning, even as she is unresponsive. One day a massive ship comes to reclaim EVE, but WALL-E, ...', 'In the distant future, a small waste-collecting robot inadvertently embarks on a space journey that will ultimately decide the fate of mankind.', '8', 689090, 61, 1, 61, 'http://ia.media-imdb.com/images/M/MV5BMTczOTA3MzY2N15BMl5BanBnXkFtZTcwOTYwNjE2MQ@@._V1_UX182_CR0,0,182,268_AL_.jpg'),
(62, 'The Dark Knight Rises', 2012, 164, 0, 'English', 'Despite his tarnished reputation after the events of The Dark Knight, in which he took the rap for Dent''s crimes, Batman feels compelled to intervene to assist the city and its police force which is struggling to cope with Bane''s plans to destroy the city.', 'Eight years after the Joker''s reign of anarchy, the Dark Knight, with the help of the enigmatic Selina, is forced from his imposed exile to save Gotham City, now on the edge of total annihilation, from the brutal guerrilla terrorist Bane.', '8', 1101464, 62, 5, 62, 'http://ia.media-imdb.com/images/M/MV5BMTk4ODQzNDY3Ml5BMl5BanBnXkFtZTcwODA0NTM4Nw@@._V1_UX182_CR0,0,182,268_AL_.jpg'),
(63, 'American Beauty', 1999, 122, 0, 'English', 'Lester and Carolyn Burnham are, on the outside, a perfect husband and wife in a perfect house in a perfect neighborhood. But inside, Lester is slipping deeper and deeper into a hopeless depression. He finally snaps when he becomes infatuated with one of his daughter''s friends. Meanwhile, his daughter Jane is developing a happy friendship with a shy boy-next-door named Ricky, who lives with an abusive father.', 'A bored suburban father has a mid-life crisis after becoming infatuated with his daughter''s best friend.', '8', 797207, 63, 2, 63, 'http://ia.media-imdb.com/images/M/MV5BMjM4NTI5NzYyNV5BMl5BanBnXkFtZTgwNTkxNTYxMTE@._V1_UX182_CR0,0,182,268_AL_.jpg'),
(64, 'Aliens', 1986, 137, 0, 'English', 'Fifty seven years after Ellen Ripley survived her disastrous ordeal, her escape vessel is recovered after drifting across the galaxy as she slept in cryogenic stasis. Back on earth, nobody believed her story about the ''Aliens'' on the planet LV-426. After the ''Company'' orders the colony on LV-426 to investigate, however, all communication with the colony is lost. The Company enlists Ripley to aid a team of tough, rugged space marines on a rescue mission to the now partially terraformed planet to find out if there are aliens or survivors. As the mission unfolds, Ripley will be forced to come to grips with her worst nightmare, but even as she does, she finds that the worst is yet to come.', 'The planet from (1979) has been colonized, but contact is lost. This time, the rescue team has impressive firepower, but will it be enough?', '8', 473249, 64, 4, 64, 'http://ia.media-imdb.com/images/M/MV5BMTYzNzU5MzQ4OV5BMl5BanBnXkFtZTcwMDcxNDg3OA@@._V1_UY268_CR9,0,182,268_AL_.jpg'),
(65, 'Princess Mononoke', 1997, 134, 0, 'Japanese', 'While protecting his village from rampaging boar-god/demon, a confident young warrior, Ashitaka, is stricken by a deadly curse. To save his life, he must journey to the forests of the west. Once there, he''s embroiled in a fierce campaign that humans were waging on the forest. The ambitious Lady Eboshi and her loyal clan use their guns against the gods of the forest and a brave young woman, Princess Mononoke, who was raised by a wolf-god. Ashitaka sees the good in both sides and tries to stem the flood of blood. This is met be animosity by both sides as they each see him as supporting the enemy.', 'On a journey to find the cure for a Tatarigami''s curse, Ashitaka finds himself in the middle of a war between the forest gods and Tatara, a mining colony. In this quest he also meets San, the Mononoke Hime.', '8', 212687, 65, 2, 65, 'http://ia.media-imdb.com/images/M/MV5BMjgzNTUwODQzN15BMl5BanBnXkFtZTcwMTc4ODE3OQ@@._V1_UX182_CR0,0,182,268_AL_.jpg'),
(66, 'Old Boy', 2003, 120, 0, 'Korean', 'An average man is kidnapped and imprisoned in a shabby cell for 15 years without explanation. He then is released, equipped with money, a cellphone and expensive clothes. As he strives to explain his imprisonment and get his revenge, Oh Dae-Su soon finds out that his kidnapper has a greater plan for him and is set onto a path of pain and suffering in an attempt to uncover the motive of his mysterious tormentor.', 'After being kidnapped and imprisoned for 15 years, Oh Dae-Su is released, only to find that he must find his captor in 5 days.', '8', 342671, 66, 2, 66, 'http://ia.media-imdb.com/images/M/MV5BMTI3NTQyMzU5M15BMl5BanBnXkFtZTcwMTM2MjgyMQ@@._V1_UX182_CR0,0,182,268_AL_.jpg'),
(67, 'Citizen Kane', 1941, 119, 0, 'English', 'A group of reporters are trying to decipher the last word ever spoken by Charles Foster Kane, the millionaire newspaper tycoon: ''Rosebud.'' The film begins with a news reel detailing Kane''s life for the masses, and then from there, we are shown flashbacks from Kane''s life. As the reporters investigate further, the viewers see a display of a fascinating man''s rise to fame, and how he eventually fell off the top of the world.', 'Following the death of a publishing tycoon, news reporters scramble to discover the meaning of his final utterance.', '8', 289425, 67, 1, 67, 'http://ia.media-imdb.com/images/M/MV5BMTQ2Mjc1MDQwMl5BMl5BanBnXkFtZTcwNzUyOTUyMg@@._V1_UX182_CR0,0,182,268_AL_.jpg'),
(68, 'North by Northwest', 1959, 136, 0, 'English', 'Madison Avenue advertising man Roger Thornhill finds himself thrust into the world of spies when he is mistaken for a man by the name of George Kaplan. Foreign spy Philip Vandamm and his henchman Leonard try to eliminate him but when Thornhill tries to make sense of the case, he is framed for murder. Now on the run from the police, he manages to board the 20th Century Limited bound for Chicago where he meets a beautiful blond, Eve Kendall, who helps him to evade the authorities. His world is turned upside down yet again when he learns that Eve isn''t the innocent bystander he thought she was. Not all is as it seems however, leading to a dramatic rescue and escape at the top of Mt. Rushmore.', 'A hapless New York advertising executive is mistaken for a government agent by a group of foreign spies, and is pursued across the country while he looks for a way to survive.', '8', 213998, 68, 4, 68, 'http://ia.media-imdb.com/images/M/MV5BMjQwMTQ0MzgwNl5BMl5BanBnXkFtZTgwNjc4ODE4MzE@._V1_UX182_CR0,0,182,268_AL_.jpg'),
(69, 'Il était une fois en Amérique', 1984, 229, 0, 'English', 'Epic tale of a group of Jewish gangsters in New York, from childhood, through their glory years during prohibition, and their meeting again 35 years later.', 'A former Prohibition-era Jewish gangster returns to the Lower East Side of Manhattan over thirty years later, where he once again must confront the ghosts and regrets of his old life.', '8', 213573, 69, 3, 69, 'http://ia.media-imdb.com/images/M/MV5BNDMwMDcyODkzOV5BMl5BanBnXkFtZTcwNTQ1Njg3OA@@._V1_UY268_CR3,0,182,268_AL_.jpg'),
(70, 'Vertigo', 1958, 128, 0, 'English', 'John ''Scottie'' Ferguson is a retired San Francisco police detective who suffers from acrophobia and Madeleine is the lady who leads him to high places. A wealthy shipbuilder who is an acquaintance from college days approaches Scottie and asks him to follow his beautiful wife, Madeleine. He fears she is going insane, maybe even contemplating suicide, because she believes she is possessed by a dead ancestor. Scottie is skeptical, but agrees after he sees the beautiful Madeleine.', 'A San Francisco detective suffering from acrophobia investigates the strange activities of an old friend''s wife, all the while becoming dangerously obsessed with her.', '8', 239338, 70, 1, 70, 'http://ia.media-imdb.com/images/M/MV5BNzY0NzQyNzQzOF5BMl5BanBnXkFtZTcwMTgwNTk4OQ@@._V1_UX182_CR0,0,182,268_AL_.jpg'),
(71, 'Das Boot', 1981, 149, 0, 'German', 'It is 1942 and the German submarine fleet is heavily engaged in the so-called ''Battle of the Atlantic'' to harass and destroy British shipping. With better escorts of the Destroyer Class, however, German U-Boats have begun to take heavy losses. ''Das Boot'' is the story of one such U-Boat crew, with the film examining how these submariners maintained their professionalism as soldiers and attempted to accomplish impossible missions, all the while attempting to understand and obey the ideology of the government under which they served.', 'The claustrophobic world of a WWII German U-boat; boredom, filth, and sheer terror.', '8', 163304, 71, 4, 71, 'http://ia.media-imdb.com/images/M/MV5BMjE5Mzk5OTQ0Nl5BMl5BanBnXkFtZTYwNzUwMTQ5._V1_UX182_CR0,0,182,268_AL_.jpg'),
(72, 'Star Wars: Episode VI - Return of the Jedi', 1983, 131, 0, 'English', 'Darth Vader and the Empire are building a new, indestructible Death Star. Meanwhile, Han Solo has been imprisoned, and Luke Skywalker has sent R2-D2 and C-3PO to try and free him. Princess Leia - disguised as a bounty hunter - and Chewbacca go along as well. The final battle takes place on the moon of Endor, with its natural inhabitants, the Ewoks, lending a hand to the Rebels. Will Darth Vader and the Dark Side overcome the Rebels and take over the universe?', 'After rescuing Han Solo from the palace of Jabba the Hutt, the rebels attempt to destroy the second Death Star, while Luke struggles to make Vader return from the dark side of the Force.', '8', 653293, 72, 5, 72, 'http://ia.media-imdb.com/images/M/MV5BMTQ0MzI1NjYwOF5BMl5BanBnXkFtZTgwODU3NDU2MTE@._V1._CR93,97,1209,1861_UX182_CR0,0,182,268_AL_.jpg'),
(73, 'M', 1931, 99, 0, 'German', 'In Germany, Hans Beckert is an unknown killer of girls. He whistles Edvard Grieg''s ''In The Hall of the Mountain King'', from the ''Peer Gynt'' Suite I Op. 46 while attracting the little girls for death. The police force pressed by the Minister give its best effort trying unsuccessfully to arrest the serial killer. The organized crime has great losses due to the intense search and siege of the police and decides to chase the murderer, with the support of the beggars association. They catch Hans and briefly judge him.', 'When the police in a German city are unable to catch a child-murderer, other criminals join in the manhunt.', '8', 95929, 73, 4, 73, 'http://ia.media-imdb.com/images/M/MV5BMTQyNjA5NzU5MV5BMl5BanBnXkFtZTgwMDk1MTA5MTE@._V1_UY268_CR3,0,182,268_AL_.jpg'),
(74, 'Witness for the Prosecution', 1957, 116, 0, 'English', 'It''s Britain, 1953. Upon his return to work following a heart attack, irrepressible barrister Sir Wilfrid Robarts, known as a barrister for the hopeless, takes on a murder case, much to the exasperation of his medical team, led by his overly regulated private nurse, Miss Plimsoll, who tries her hardest to ensure that he not return to his hard living ways - including excessive cigar smoking and drinking - while he takes his medication and gets his much needed rest. That case is defending American war veteran Leonard Vole, a poor, out of work, struggling inventor who is accused of murdering his fifty-six year old lonely and wealthy widowed acquaintance, Emily French. The initial evidence is circumstantial but points to Leonard as the murderer. Despite being happily married to East German former beer hall performer Christine Vole, he fostered that friendship with Mrs. French in the hopes that she would finance one of his many inventions to the tune of a few hundred pounds. It thus does ...', 'A veteran British barrister must defend his client in a murder trial that has surprise after surprise.', '8', 60029, 74, 3, 74, 'http://ia.media-imdb.com/images/M/MV5BMTc0MjgyNTUyNF5BMl5BanBnXkFtZTcwNDQzMDg0Nw@@._V1_UX182_CR0,0,182,268_AL_.jpg'),
(75, 'Reservoir Dogs', 1992, 99, 0, 'English', 'Six criminals, who are strangers to each other, are hired by a crime boss, Joe Cabot, to carry out a diamond robbery. Right at the outset, they are given false names with the intention that they won''t get too close and will concentrate on the job instead. They are completely sure that the robbery is going to be a success. But, when the police show up right at the time and the site of the robbery, panic spreads amongst the group members, and two of them are killed in the subsequent shootout, along with a few policemen and civilians. When the remaining people assemble at the premeditated rendezvous point (a warehouse), they begin to suspect that one of them is an undercover cop.', 'After a simple jewelery heist goes terribly wrong, the surviving criminals begin to suspect that one of them is a police informant.', '8', 641002, 75, 4, 75, 'http://ia.media-imdb.com/images/M/MV5BMTQxMTAwMDQ3Nl5BMl5BanBnXkFtZTcwODMwNTgzMQ@@._V1_UY268_CR3,0,182,268_AL_.jpg'),
(76, 'Amélie', 2001, 122, 0, 'French', 'Amélie is a story about a girl named Amélie whose childhood was suppressed by her Father''s mistaken concerns of a heart defect. With these concerns Amélie gets hardly any real life contact with other people. This leads Amélie to resort to her own fantastical world and dreams of love and beauty. She later on becomes a young woman and moves to the central part of Paris as a waitress. After finding a lost treasure belonging to the former occupant of her apartment, she decides to return it to him. After seeing his reaction and his new found perspective - she decides to devote her life to the people around her. Such as, her father who is obsessed with his garden-gnome, a failed writer, a hypochondriac, a man who stalks his ex girlfriends, the ''ghost'', a suppressed young soul, the love of her life and a man whose bones are as brittle as glass. But after consuming herself with these escapades - she finds out that she is disregarding her own life and damaging her quest for love. Amélie then ...', 'Amelie is an innocent and naive girl in Paris with her own sense of justice. She decides to help those around her and, along the way, discovers love.', '8', 517432, 76, 2, 76, 'http://ia.media-imdb.com/images/M/MV5BMTYzNjkxMTczOF5BMl5BanBnXkFtZTgwODg5NDc2MjE@._V1_UX182_CR0,0,182,268_AL_.jpg'),
(77, 'Braveheart', 1995, 178, 0, 'English', 'William Wallace is a Scottish rebel who leads an uprising against the cruel English ruler Edward the Longshanks, who wishes to inherit the crown of Scotland for himself. When he was a young boy, William Wallace''s father and brother, along with many others, lost their lives trying to free Scotland. Once he loses another of his loved ones, William Wallace begins his long quest to make Scotland free once and for all, along with the assistance of Robert the Bruce.', 'When his secret bride is executed for assaulting an English soldier who tried to rape her, William Wallace begins a revolt against King Edward I of England.', '8', 713419, 77, 1, 77, 'http://ia.media-imdb.com/images/M/MV5BNjA4ODYxMDU3Nl5BMl5BanBnXkFtZTcwMzkzMTk3OA@@._V1_UX182_CR0,0,182,268_AL_.jpg'),
(78, 'Requiem for a Dream', 2000, 102, 0, 'English', 'Drugs. They consume mind, body and soul. Once you''re hooked, you''re hooked. Four lives. Four addicts. Four failures. Despite their aspirations of greatness, they succumb to their addictions. Watching the addicts spiral out of control, we bear witness to the dirtiest, ugliest portions of the underworld addicts reside in. It is shocking and eye-opening but demands to be seen by both addicts and non-addicts alike.', 'The drug-induced utopias of four Coney Island people are shattered when their addictions become stronger.', '8', 554922, 78, 3, 78, 'http://ia.media-imdb.com/images/M/MV5BMTkzODMzODYwOF5BMl5BanBnXkFtZTcwODM2NjA2NQ@@._V1_UY268_CR2,0,182,268_AL_.jpg'),
(79, 'A Clockwork Orange', 1971, 136, 0, 'English', 'Protagonist Alex DeLarge is an ''ultraviolent'' youth in futuristic Britain. As with all luck, his eventually runs out and he''s arrested and convicted of murder and rape. While in prison, Alex learns of an experimental program in which convicts are programmed to detest violence. If he goes through the program, his sentence will be reduced and he will be back on the streets sooner than expected. But Alex''s ordeals are far from over once he hits the mean streets of Britain that he had a hand in creating.', 'In future Britain, charismatic delinquent Alex DeLarge is jailed and volunteers for an experimental aversion therapy developed by the government in an effort to solve society''s crime problem - but not all goes according to plan.', '8', 538405, 79, 5, 79, 'http://ia.media-imdb.com/images/M/MV5BMTY3MjM1Mzc4N15BMl5BanBnXkFtZTgwODM0NzAxMDE@._V1_UX182_CR0,0,182,268_AL_.jpg'),
(80, 'Taxi Driver', 1976, 113, 0, 'English', 'Travis Bickle is an ex-Marine and Vietnam War veteran living in New York City. As he suffers from insomnia, he spends his time working as a taxi driver at night, watching porn movies at seedy cinemas during the day, or thinking about how the world, New York in particular, has deteriorated into a cesspool. He''s a loner who has strong opinions about what is right and wrong with mankind. For him, the one bright spot in New York humanity is Betsy, a worker on the presidential nomination campaign of Senator Charles Palantine. He becomes obsessed with her. After an incident with her, he believes he has to do whatever he needs to make the world a better place in his opinion. One of his priorities is to be the savior for Iris, a twelve-year-old runaway and prostitute who he believes wants out of the profession and under the thumb of her pimp and lover Matthew.', 'A mentally unstable Vietnam War veteran works as a night-time taxi driver in New York City where the perceived decadence and sleaze feeds his urge for violent action, attempting to save a preadolescent prostitute in the process.', '8', 488307, 80, 2, 80, 'http://ia.media-imdb.com/images/M/MV5BMTQ1Nzg3MDQwN15BMl5BanBnXkFtZTcwNDE2NDU2MQ@@._V1_UY268_CR7,0,182,268_AL_.jpg'),
(81, 'Toy Story 3', 2010, 103, 0, 'English', 'Woody, Buzz and the whole gang are back. As their owner Andy prepares to depart for college, his loyal toys find themselves in daycare where untamed tots with their sticky little fingers do not play nice. So, it''s all for one and one for all as they join Barbie''s counterpart Ken, a thespian hedgehog named Mr. Pricklepants and a pink, strawberry-scented teddy bear called Lots-o''-Huggin'' Bear to plan their great escape.', 'The toys are mistakenly delivered to a day-care center instead of the attic right before Andy leaves for college, and it''s up to Woody to convince the other toys that they weren''t abandoned and to return home.', '8', 522556, 81, 2, 81, 'http://ia.media-imdb.com/images/M/MV5BMTgxOTY4Mjc0MF5BMl5BanBnXkFtZTcwNTA4MDQyMw@@._V1_UY268_CR3,0,182,268_AL_.jpg'),
(82, 'Double Indemnity', 1944, 107, 0, 'English', 'In 1938, Walter Neff, an experienced salesman of the Pacific All Risk Insurance Co., meets the seductive wife of one of his clients, Phyllis Dietrichson, and they have an affair. Phyllis proposes to kill her husband to receive the proceeds of an accident insurance policy and Walter devises a scheme to receive twice the amount based on a double indemnity clause. When Mr. Dietrichson is found dead on a train track, the police accept the determination of accidental death. However, the insurance analyst and Walter''s best friend Barton Keyes does not buy the story and suspects that Phyllis has murdered her husband with the help of another man.', 'An insurance representative lets himself be talked into a murder/insurance fraud scheme that arouses an insurance investigator''s suspicions.', '8', 94308, 82, 5, 82, 'http://ia.media-imdb.com/images/M/MV5BMTQzOTE4MTIzMV5BMl5BanBnXkFtZTgwODc1NDQ5MDE@._V1_UX182_CR0,0,182,268_AL_.jpg'),
(83, 'Lawrence of Arabia', 1962, 216, 0, 'English', 'An inordinately complex man who has been labeled everything from hero, to charlatan, to sadist, Thomas Edward Lawrence blazed his way to glory in the Arabian desert, then sought anonymity as a common soldier under an assumed name. The story opens with the death of Lawrence in a motorcycle accident in Dorset at the age of 46, then flashbacks to recount his adventures: as a young intelligence officer in Cairo in 1916, he is given leave to investigate the progress of the Arab revolt against the Turks in World War I. In the desert, he organizes a guerrilla army and--for two years--leads the Arabs in harassing the Turks with desert raids, train-wrecking and camel attacks. Eventually, he leads his army northward and helps a British General destroy the power of the Ottoman Empire.', 'Follows a brilliant, flamboyant and controversial British military figure and his conflicted loyalties during wartime service.', '8', 186207, 83, 2, 83, 'http://ia.media-imdb.com/images/M/MV5BMzAwMjM4NzA2OV5BMl5BanBnXkFtZTcwMDI0NzAwMQ@@._V1_UY268_CR0,0,182,268_AL_.jpg'),
(84, 'To Kill a Mockingbird', 1962, 129, 0, 'English', 'Based on Harper Lee''s Pulitzer Prize winning book of 1961. Atticus Finch is a lawyer in the fictional town of Maycomb, a racially divided Alabama town, set in the early 1930s, and modeled after Monroeville where Harper Lee grew up. Finch agrees to defend a young black man who is accused of raping a white woman. Many of the townspeople try to get Atticus to pull out of the trial, but he decides to go ahead. How will the trial turn out - and will it effect any changes in racial attitudes in Maycomb?', 'Atticus Finch, a lawyer in the Depression-era South, defends a black man against an undeserved rape charge, and his kids against prejudice.', '8', 207046, 84, 1, 84, 'http://ia.media-imdb.com/images/M/MV5BMjA4MzI1NDY2Nl5BMl5BanBnXkFtZTcwMTcyODc5Mw@@._V1_UX182_CR0,0,182,268_AL_.jpg'),
(85, 'Eternal Sunshine of the Spotless Mind', 2004, 108, 0, 'English', 'A man, Joel Barish, heartbroken that his girlfriend Clementine underwent a procedure to erase him from her memory, decides to do the same. However, as he watches his memories of her fade away, he realizes that he still loves her, and may be too late to correct his mistake.', 'When their relationship turns sour, a couple undergoes a procedure to have each other erased from their memories. But it is only through the process of loss that they discover what they had to begin with.', '8', 643901, 85, 5, 85, 'http://ia.media-imdb.com/images/M/MV5BMTY4NzcwODg3Nl5BMl5BanBnXkFtZTcwNTEwOTMyMw@@._V1_UX182_CR0,0,182,268_AL_.jpg'),
(86, 'Full Metal Jacket', 1987, 116, 0, 'English', 'A two-segment look at the effect of the military mindset and war itself on Vietnam era Marines. The first half follows a group of recruits in boot camp under the command of the punishing Gunnery Sergeant Hartman. The second half shows one of those recruits, Joker, covering the war as a correspondent for Stars and Stripes, focusing on the Tet offensive.', 'A pragmatic U.S. Marine observes the dehumanizing effects the Vietnam War has on his fellow recruits from their brutal boot camp training to the bloody street fighting in Hue.', '8', 467479, 86, 1, 86, 'http://ia.media-imdb.com/images/M/MV5BMjA4NzY4ODk4Nl5BMl5BanBnXkFtZTgwOTcxNTYxMTE@._V1_UX182_CR0,0,182,268_AL_.jpg'),
(87, 'Amadeus', 1984, 160, 0, 'English', 'Antonio Salieri believes that Wolfgang Amadeus Mozart''s music is divine and miraculous. He wishes he was himself as good a musician as Mozart so that he can praise the Lord through composing. He began his career as a devout man who believes his success and talent as a composer are God''s rewards for his piety. He''s also content as the respected, financially well-off, court composer of Austrian Emperor Joseph II. But he''s shocked to learn that Mozart is such a vulgar creature, and can''t understand why God favored Mozart to be his instrument. Salieri''s envy has made him an enemy of God whose greatness was evident in Mozart. He is ready to take revenge against God and Mozart for his own musical mediocrity.', 'The incredible story of Wolfgang Amadeus Mozart, told by his peer and secret rival Antonio Salieri - now confined to an insane asylum.', '8', 261952, 87, 4, 87, 'http://ia.media-imdb.com/images/M/MV5BMTg5NDkwMTk5N15BMl5BanBnXkFtZTYwODg3MDk2._V1_UX182_CR0,0,182,268_AL_.jpg'),
(88, 'The Sting', 1973, 129, 0, 'English', 'When a mutual friend is killed by a mob boss, two con men, one experienced and one young try to get even by pulling off the big con on the mob boss. The story unfolds with several twists and last minute alterations.', 'In Chicago in September 1936, a young con man seeking revenge for his murdered partner teams up with a master of the big con to win a fortune from a criminal banker.', '8', 169733, 88, 0, 88, 'http://ia.media-imdb.com/images/M/MV5BMTY5MjM1OTAyOV5BMl5BanBnXkFtZTgwMDkwODg4MDE@._V1._CR52,57,915,1388_UX182_CR0,0,182,268_AL_.jpg'),
(89, 'Singin'' in the Rain', 1952, 103, 0, 'English', '1927 Hollywood. Monumental Pictures'' biggest stars, glamorous on-screen couple Lina Lamont and Don Lockwood, are also an off-screen couple if the trade papers and gossip columns are to be believed. Both perpetuate the public perception if only to please their adoring fans and bring people into the movie theaters. In reality, Don barely tolerates her, while Lina, despite thinking Don beneath her, simplemindedly believes what she sees on screen in order to bolster her own stardom and sense of self-importance. R.F. Simpson, Monumental''s head, dismisses what he thinks is a flash in the pan: talking pictures. It isn''t until (1927) becomes a bona fide hit which results in all the movie theaters installing sound equipment that R.F. knows Monumental, most specifically in the form of Don and Lina, have to jump on the talking picture bandwagon, despite no one at the studio knowing anything about the technology. Musician Cosmo Brown, Don''s best friend, gets hired as Monumental''s ...', 'A silent film production company and cast make a difficult transition to sound.', '8', 144952, 89, 4, 89, 'http://ia.media-imdb.com/images/M/MV5BMTUxMTIyNTI4Nl5BMl5BanBnXkFtZTcwNTk1ODQyMg@@._V1_UX182_CR0,0,182,268_AL_.jpg'),
(90, '2001: A Space Odyssey', 1968, 149, 0, 'English', '''2001'' is a story of evolution. Sometime in the distant past, someone or something nudged evolution by placing a monolith on Earth (presumably elsewhere throughout the universe as well). Evolution then enabled humankind to reach the moon''s surface, where yet another monolith is found, one that signals the monolith placers that humankind has evolved that far. Now a race begins between computers (HAL) and human (Bowman) to reach the monolith placers. The winner will achieve the next step in evolution, whatever that may be.', 'Humanity finds a mysterious, obviously artificial object buried beneath the Lunar surface and, with the intelligent computer H.A.L. 9000, sets off on a quest.', '8', 411526, 90, 1, 90, 'http://ia.media-imdb.com/images/M/MV5BNDYyMDgxNDQ5Nl5BMl5BanBnXkFtZTcwMjc1ODg3OA@@._V1_UY268_CR9,0,182,268_AL_.jpg'),
(91, 'Bicycle Thieves', 1948, 89, 0, 'Italian', 'Ricci, an unemployed man in the depressed post-WWII economy of Italy, gets at last a good job - for which he needs a bike - hanging up posters. But soon his bicycle is stolen. He and his son walk the streets of Rome, looking for the bicycle. Ricci finally manages to locate the thief but with no proof, he has to abandon his cause. But he and his son know perfectly well that without a bike, Ricci won''t be able to keep his job.', 'Set in Post-WWII Italy, a working class man''s bicycle is stolen. He and his son set out to find it.', '8', 90694, 91, 4, 91, 'http://ia.media-imdb.com/images/M/MV5BMjIzMzAyMzg1Nl5BMl5BanBnXkFtZTgwMzMyNzk0MTE@._V1_UY268_CR2,0,182,268_AL_.jpg'),
(92, 'Snatch.', 2000, 102, 0, 'English', 'Turkish and his close friend/accomplice Tommy get pulled into the world of match fixing by the notorious Brick Top. Things get complicated when the boxer they had lined up gets badly beaten by Pitt, a ''pikey'' ( slang for an Irish Gypsy)- who comes into the equation after Turkish, an unlicensed boxing promoter wants to buy a caravan off the Irish Gypsies. They then try to convince Pitt not only to fight for them, but to lose for them too. Whilst all this is going on, a huge diamond heist takes place, and a fistful of motley characters enter the story, including ''Cousin Avi'', ''Boris The Blade'', ''Franky Four Fingers'' and ''Bullet Tooth Tony''. Things go from bad to worse as it all becomes about the money, the guns, and the damned dog!', 'Unscrupulous boxing promoters, violent bookmakers, a Russian gangster, incompetent amateur robbers, and supposedly Jewish jewelers fight to track down a priceless stolen diamond.', '8', 583506, 92, 1, 92, 'http://ia.media-imdb.com/images/M/MV5BMTk5NzE0MDQyNl5BMl5BanBnXkFtZTcwNzk4Mjk3OA@@._V1_UY268_CR1,0,182,268_AL_.jpg'),
(93, 'Monty Python and the Holy Grail', 1975, 91, 0, 'English', 'History is turned on its comic head when, in 10th century England, King Arthur travels the countryside to find knights who will join him at the Round Table in Camelot. Gathering up the men is a tale in itself but after a bit of a party at Camelot, many decide to leave only to be stopped by God who sends them on a quest: to find the Holy Grail. After a series of individual adventures, the knights are reunited but must face a wizard named Tim, killer rabbits and lessons in the use of holy hand grenades. Their quest comes to an end however when the police intervene - just what you would expect in a Monty Python movie.', 'King Arthur and his knights embark on a low-budget search for the Grail, encountering many, very silly obstacles.', '8', 370980, 93, 1, 93, 'http://ia.media-imdb.com/images/M/MV5BMTkzODczMTgwM15BMl5BanBnXkFtZTYwNTAwODI5._V1_UX182_CR0,0,182,268_AL_.jpg'),
(94, 'Toy Story', 1995, 81, 0, 'English', 'A little boy named Andy loves to be in his room, playing with his toys, especially his doll named ''Woody''. But, what do the toys do when Andy is not with them, they come to life. Woody believes that he has life (as a toy) good. However, he must worry about Andy''s family moving, and what Woody does not know is about Andy''s birthday party. Woody does not realize that Andy''s mother gave him an action figure known as Buzz Lightyear, who does not believe that he is a toy, and quickly becomes Andy''s new favorite toy. Woody, who is now consumed with jealousy, tries to get rid of Buzz. Then, both Woody and Buzz are now lost. They must find a way to get back to Andy before he moves without them, but they will have to pass through a ruthless toy killer, Sid Phillips.', 'A cowboy doll is profoundly threatened and jealous when a new spaceman figure supplants him as top toy in a boy''s room.', '8', 597498, 94, 2, 94, 'http://ia.media-imdb.com/images/M/MV5BMTgwMjI4MzU5N15BMl5BanBnXkFtZTcwMTMyNTk3OA@@._V1_UY268_CR9,0,182,268_AL_.jpg'),
(95, 'The Kid', 1921, 68, 0, 'English', 'The opening title reads: ''A comedy with a smile--and perhaps a tear''. As she leaves the charity hospital and passes a church wedding, Edna deposits her new baby with a pleading note in a limousine and goes off to commit suicide. The limo is stolen by thieves who dump the baby by a garbage can. Charlie the Tramp finds the baby and makes a home for him. Five years later Edna has become an opera star but does charity work for slum youngsters in hope of finding her boy. A doctor called by Edna discovers the note with the truth about the Kid and reports it to the authorities who come to take him away from Charlie. Before he arrives at the Orphan Asylum Charlie steals him back and takes him to a flophouse. The proprietor reads of a reward for the Kid and takes him to Edna. Charlie is later awakened by a kind policeman who reunites him with the Kid at Edna''s mansion.', 'The Tramp cares for an abandoned child, but events put that relationship in jeopardy.', '8', 63758, 95, 4, 95, 'http://ia.media-imdb.com/images/M/MV5BMTkzNTgxMDU1OF5BMl5BanBnXkFtZTgwOTQ3MjI2MzE@._V1_UY268_CR5,0,182,268_AL_.jpg'),
(96, 'Inglourious Basterds', 2009, 153, 0, 'English', 'In Nazi-occupied France, young Jewish refugee Shosanna Dreyfus witnesses the slaughter of her family by Colonel Hans Landa. Narrowly escaping with her life, she plots her revenge several years later when German war hero Fredrick Zoller takes a rapid interest in her and arranges an illustrious movie premiere at the theater she now runs. With the promise of every major Nazi officer in attendance, the event catches the attention of the ''Basterds'', a group of Jewish-American guerrilla soldiers led by the ruthless Lt. Aldo Raine. As the relentless executioners advance and the conspiring young girl''s plans are set in motion, their paths will cross for a fateful evening that will shake the very annals of history.', 'In Nazi-occupied France during World War II, a plan to assassinate Nazi leaders by a group of Jewish U.S. soldiers coincides with a theatre owner''s vengeful plans for the same.', '8', 850197, 96, 1, 96, 'http://ia.media-imdb.com/images/M/MV5BMjIzMDI4MTUzOV5BMl5BanBnXkFtZTcwNDY3NjA3Mg@@._V1_UX182_CR0,0,182,268_AL_.jpg'),
(97, 'L.A. Confidential', 1997, 138, 0, 'English', '1950''s Los Angeles is the seedy backdrop for this intricate noir-ish tale of police corruption and Hollywood sleaze. Three very different cops are all after the truth, each in their own style: Ed Exley, the golden boy of the police force, willing to do almost anything to get ahead, except sell out; Bud White, ready to break the rules to seek justice, but barely able to keep his raging violence under control; and Jack Vincennes, always looking for celebrity and a quick buck until his conscience drives him to join Exley and White down the one-way path to find the truth behind the dark world of L.A. crime.', 'As corruption grows in 1950s LA, three policemen - one strait-laced, one brutal, and one sleazy - investigate a series of murders with their own brand of justice.', '8', 403022, 97, 1, 97, 'http://ia.media-imdb.com/images/M/MV5BMjMzOTc2MDI3N15BMl5BanBnXkFtZTgwNTE4Njc3NjE@._V1_UX182_CR0,0,182,268_AL_.jpg'),
(98, 'For a Few Dollars More', 1965, 132, 0, 'Italian', 'Monco is a bounty killer chasing El Indio and his gang. During his hunting, he meets Col. Douglas Mortimer, another bounty killer, and they decide to make a partnership, chase the bad guys together and split the reward. During their enterprise, there will be lots of bullets and funny situations. In the end, one of the bounty hunters shows the real intention of his hunting.', 'Two bounty hunters with the same intentions team up to track down a Western outlaw.', '8', 150848, 98, 0, 98, 'http://ia.media-imdb.com/images/M/MV5BMTQzMjIzOTEzMF5BMl5BanBnXkFtZTcwMTUzNTk3NA@@._V1_UX182_CR0,0,182,268_AL_.jpg'),
(99, 'Rashomon', 1950, 88, 0, 'Japanese', 'A priest, a woodcutter and another man are taking refuge from a rainstorm in the shell of a former gatehouse called Rashômon. The priest and the woodcutter are recounting the story of a murdered samurai whose body the woodcutter discovered three days earlier in a forest grove. Both were summoned to testify at the murder trial, the priest who ran into the samurai and his wife traveling through the forest just before the murder occurred. Three other people who testified at the trial are supposedly the only direct witnesses: a notorious bandit named Tajômaru, who allegedly murdered the samurai and raped his wife; the white veil cloaked wife of the samurai; and the samurai himself who testifies through the use of a medium. The three tell a similarly structured story - that Tajômaru kidnapped and bound the samurai so that he could rape the wife - but which ultimately contradict each other, the motivations and the actual killing being what differ. The woodcutter reveals at Rashômon that he ...', 'A heinous crime and its aftermath are recalled from differing points of view.', '8', 98941, 99, 0, 99, 'http://ia.media-imdb.com/images/M/MV5BMjEzMzA4NDE2OF5BMl5BanBnXkFtZTcwNTc5MDI2NQ@@._V1._CR0,0,503,683_UY268_CR7,0,182,268_AL_.jpg'),
(100, 'The Apartment', 1960, 125, 0, 'English', 'As of November 1, 1959, mild mannered C.C. Baxter has been working at Consolidated Life, an insurance company, for close to four years, and is one of close to thirty-two thousand employees located in their Manhattan head office. To distinguish himself from all the other lowly cogs in the company in the hopes of moving up the corporate ladder, he often works late, but only because he can''t get into his apartment, located off of Central Park West, since he has provided it to a handful of company executives - Mssrs. Dobisch, Kirkeby, Vanderhoff and Eichelberger - on a rotating basis for their extramarital liaisons in return for a good word to the personnel director, Jeff D. Sheldrake. When Baxter is called into Sheldrake''s office for the first time, he learns that it isn''t just to be promoted as he expects, but also to add married Sheldrake to the list to who he will lend his apartment. What Baxter is unaware of is that Sheldrake''s mistress is Fran Kubelik, an elevator girl in the ...', 'A man tries to rise in his company by letting its executives use his apartment for trysts, but complications and a romance of his own ensue.', '8', 105414, 100, 4, 100, 'http://ia.media-imdb.com/images/M/MV5BMTM1OTc4MzgzNl5BMl5BanBnXkFtZTcwNTE2NjgyMw@@._V1_UX182_CR0,0,182,268_AL_.jpg'),
(101, 'Indiana Jones and the Last Crusade', 1989, 127, 0, 'English', 'Indiana Jones, famed adventurer and archaeologist acquires a diary that holds clues and a map with no names to find the mysterious Holy Grail- which was sent from his father, Dr. Henry Jones, in Italy. Upon hearing from a private collector, Walter Donavan, that the mission for the Holy Grail went astray with the disappearance of his father, Indiana Jones and museum curator Marcus Brody venture to Italy in search of Indy''s father. However, upon retrieving Dr. Henry Jones in Nazi territory, the rescue mission turns into a race to find the Holy Grail before the Nazis do- who plan to use it for complete world domination for their super-race. With the diary as a vital key and the map with no names as a guide, Indiana Jones once again finds himself in another death defying adventure of pure excitement.', 'When Dr. Henry Jones Sr. suddenly goes missing while pursuing the Holy Grail, eminent archaeologist Indiana Jones must follow in his father''s footsteps and stop the Nazis.', '8', 497888, 101, 4, 101, 'http://ia.media-imdb.com/images/M/MV5BMTQxMTUyODg2OF5BMl5BanBnXkFtZTcwNDM2MjAxNA@@._V1_UX182_CR0,0,182,268_AL_.jpg'),
(102, 'Une séparation', 2011, 123, 0, 'Persian', 'Nader () and Simin () argue about living abroad. Simin prefers to live abroad to provide better opportunities for their only daughter, Termeh. However, Nader refuses to go because he thinks he must stay in Iran and take care of his father (Ali-Asghar Shahbazi), who suffers from Alzheimers. However, Simin is determined to get a divorce and leave the country with her daughter.', 'A married couple are faced with a difficult decision - to improve the life of their child by moving to another country or to stay in Iran and look after a deteriorating parent who has Alzheimer''s disease.', '8', 146313, 102, 2, 102, 'http://ia.media-imdb.com/images/M/MV5BMTYzMzU4NDUwOF5BMl5BanBnXkFtZTcwMTM5MjA5Ng@@._V1_UX182_CR0,0,182,268_AL_.jpg'),
(103, 'Scarface', 1983, 170, 0, 'English', 'Tony Montana manages to leave Cuba during the Mariel exodus of 1980. He finds himself in a Florida refugee camp but his friend Manny has a way out for them: undertake a contract killing and arrangements will be made to get a green card. He''s soon working for drug dealer Frank Lopez and shows his mettle when a deal with Colombian drug dealers goes bad. He also brings a new level of violence to Miami. Tony is protective of his younger sister but his mother knows what he does for a living and disowns him. Tony is impatient and wants it all however, including Frank''s empire and his mistress Elvira Hancock. Once at the top however, Tony''s outrageous actions make him a target and everything comes crumbling down.', 'In 1980 Miami, a determined Cuban immigrant takes over a drug cartel while succumbing to greed.', '8', 519989, 103, 4, 103, 'http://ia.media-imdb.com/images/M/MV5BMjAzOTM4MzEwNl5BMl5BanBnXkFtZTgwMzU1OTc1MDE@._V1_UX182_CR0,0,182,268_AL_.jpg'),
(104, 'All About Eve', 1950, 138, 0, 'English', 'Eve is waiting backstage to meet her ''idol'' aging Broadway Star, Margo Channing. It all seems innocent enough as Eve explains that she has seen Margo in EVERY performance of the current play she is in. Only Playright critic DeWitt sees through Eve''s evil plan, which is to take her parts and fiance. When the fiance shows no interest, she tries for Celeste Holmes husband and playwright. But, DeWitt (George Brandt) stops her. After she accepts her award, she decides to skip the after-party and goes to her room, where we find a young woman named Phoebe, who snuck into her room and fell asleep. This is where the ''Circle of Life'' now comes to fruition as Eve is going to get played the way she did Margo.', 'An ingenue insinuates herself in to the company of an established but aging stage actress and her circle of theater friends.', '8', 80345, 104, 0, 104, 'http://ia.media-imdb.com/images/M/MV5BMTY2MTAzODI5NV5BMl5BanBnXkFtZTgwMjM4NzQ0MjE@._V1_UX182_CR0,0,182,268_AL_.jpg'),
(105, 'Metropolis', 1927, 153, 0, 'German', 'Sometime in the future, the city of Metropolis is home to a Utopian society where its wealthy residents live a carefree life. One of those is Freder Fredersen. One day, he spots a beautiful woman with a group of children, she and the children who quickly disappear. Trying to follow her, he, oblivious to such, is horrified to find an underground world of workers, apparently who run the machinery which keeps the above ground Utopian world functioning. One of the few people above ground who knows about the world below is Freder''s father, Joh Fredersen, who is the founder and master of Metropolis. Freder learns that the woman is Maria, who espouses the need to join the ''hands'' - the workers - to the ''head'' - those in power above - by a mediator or the ''heart''. Freder wants to help the plight of the workers in the want for a better life. But when Joh learns of what Maria is espousing and that Freder is joining their cause, Joh, with the assistance of an old colleague and now nemesis named ...', 'In a futuristic city sharply divided between the working class and the city planners, the son of the city''s mastermind falls in love with a working class prophet who predicts the coming of a savior to mediate their differences.', '8', 108027, 105, 2, 105, 'http://ia.media-imdb.com/images/M/MV5BNDAzNTkyODg1MF5BMl5BanBnXkFtZTgwMDA3NDkwMDE@._V1_UX182_CR0,0,182,268_AL_.jpg'),
(106, 'Star Wars: Episode VII - The Force Awakens', 2015, 135, 0, 'English', '30 years after the defeat of Darth Vader and the Empire, Rey, a scavenger from the planet Jakku, finds a BB-8 droid that knows the whereabouts of the long lost Luke Skywalker. Rey, as well as a rogue stormtrooper and two smugglers, are thrown into the middle of a battle between the Resistance and the daunting legions of the First Order.', 'Three decades after the defeat of the Galactic Empire, a new threat arises. The First Order attempts to rule the galaxy and only a ragtag group of heroes can stop them, along with the help of the Resistance.', '8', 481439, 106, 1, 106, 'http://ia.media-imdb.com/images/M/MV5BOTAzODEzNDAzMl5BMl5BanBnXkFtZTgwMDU1MTgzNzE@._V1_UX182_CR0,0,182,268_AL_.jpg'),
(107, 'Yojimbo', 1961, 110, 0, 'Japanese', 'Sanjuro, a wandering samurai enters a rural town in nineteenth century Japan. After learning from the innkeeper that the town is divided between two gangsters, he plays one side off against the other. His efforts are complicated by the arrival of the wily Unosuke, the son of one of the gangsters, who owns a revolver. Unosuke has Sanjuro beaten after he reunites an abducted woman with her husband and son, then massacres his father''s opponents. During the slaughter, the samurai escapes with the help of the innkeeper; but while recuperating at a nearby temple, he learns of innkeeper''s abduction by Unosuke, and returns to the town to confront him.', 'A crafty ronin comes to a town divided by two criminal gangs and decides to play them against each other to free the town.', '8', 71427, 107, 3, 107, 'http://ia.media-imdb.com/images/M/MV5BMjAwNTQ3ODUyMl5BMl5BanBnXkFtZTgwNDg5ODQyNjE@._V1_UY268_CR1,0,182,268_AL_.jpg'),
(108, 'The Treasure of the Sierra Madre', 1948, 126, 0, 'English', 'Fred C. Dobbs and Bob Curtin, both down on their luck in Tampico, Mexico in 1925, meet up with a grizzled prospector named Howard and decide to join with him in search of gold in the wilds of central Mexico. Through enormous difficulties, they eventually succeed in finding gold, but bandits, the elements, and most especially greed threaten to turn their success into disaster.', 'Fred Dobbs and Bob Curtin, two Americans searching for work in Mexico, convince an old prospector to help them mine for gold in the Sierra Madre Mountains.', '8', 76686, 108, 3, 108, 'http://ia.media-imdb.com/images/M/MV5BMTQ4MzUzOTYwOV5BMl5BanBnXkFtZTgwNDA4MzgyMjE@._V1_UX182_CR0,0,182,268_AL_.jpg');
INSERT INTO `movies` (`id`, `title`, `year`, `runtime`, `country`, `language`, `plot`, `simplePlot`, `rating`, `votes`, `ranking`, `awards`, `director_id`, `img_url`) VALUES
(109, 'Batman Begins', 2005, 140, 0, 'English', 'When his parents were killed, billionaire playboy Bruce Wayne relocates to Asia when he is mentored by Henri Ducard and Ra''s Al Ghul in how to fight evil. When learning about the plan to wipe out evil in Gotham City by Ducard, Bruce prevents this plan from getting any further and heads back to his home. Back in his original surroundings, Bruce adopts the image of a bat to strike fear into the criminals and the corrupt as the icon known as ''Batman''. But it doesn''t stay quiet for long.', 'After training with his mentor, Batman begins his war on crime to free the crime-ridden Gotham City from corruption that the Scarecrow and the League of Shadows have cast upon it.', '8', 942387, 109, 2, 109, 'http://ia.media-imdb.com/images/M/MV5BNTM3OTc0MzM2OV5BMl5BanBnXkFtZTYwNzUwMTI3._V1_UX182_CR0,0,182,268_AL_.jpg'),
(110, 'Deadpool', 2016, 108, 0, 'English', 'This is the origin story of former Special Forces operative turned mercenary Wade Wilson, who after being subjected to a rogue experiment that leaves him with accelerated healing powers, adopts the alter ego Deadpool. Armed with his new abilities and a dark, twisted sense of humor, Deadpool hunts down the man who nearly destroyed his life.', 'A former Special Forces operative turned mercenary is subjected to a rogue experiment that leaves him with accelerated healing powers, adopting the alter ego Deadpool.', '8', 288653, 110, 4, 110, 'http://ia.media-imdb.com/images/M/MV5BMjQyODg5Njc4N15BMl5BanBnXkFtZTgwMzExMjE3NzE@._V1_UY268_CR1,0,182,268_AL_.jpg'),
(111, 'Some Like It Hot', 1959, 120, 0, 'English', 'When two Chicago musicians, Joe and Jerry, witness the the St. Valentine''s Day massacre, they want to get out of town and get away from the gangster responsible, Spats Colombo. They''re desperate to get a gig out of town but the only job they know of is in an all-girl band heading to Florida. They show up at the train station as Josephine and Daphne, the replacement saxophone and bass players. They certainly enjoy being around the girls, especially Sugar Kane Kowalczyk who sings and plays the ukulele. Joe in particular sets out to woo her while Jerry/Daphne is wooed by a millionaire, Osgood Fielding III. Mayhem ensues as the two men try to keep their true identities hidden and Spats Colombo and his crew show up for a meeting with several other crime lords.', 'When two musicians witness a mob hit, they flee the state in an all-female band disguised as women, but further complications set in.', '8', 169707, 111, 1, 111, 'http://ia.media-imdb.com/images/M/MV5BNzYzMDkzNDQ0N15BMl5BanBnXkFtZTcwNzQ0NDQyNA@@._V1_UX182_CR0,0,182,268_AL_.jpg'),
(112, '3 Idiots', 2009, 170, 0, 'Hindi', 'Farhan Qureshi and Raju Rastogi want to re-unite with their fellow collegian, Rancho, after faking a stroke aboard an Air India plane, and excusing himself from his wife - trouser less - respectively. Enroute, they encounter another student, Chatur Ramalingam, now a successful businessman, who reminds them of a bet they had undertaken 10 years ago. The trio, while recollecting hilarious antics, including their run-ins with the Dean of Delhi''s Imperial College of Engineering, Viru Sahastrabudhe, race to locate Rancho, at his last known address - little knowing the secret that was kept from them all this time.', 'Two friends are searching for their long lost companion. They revisit their college days and recall the memories of their friend who inspired them to think differently, even as the rest of the world called them ''idiots''.', '8', 195358, 112, 2, 112, 'http://ia.media-imdb.com/images/M/MV5BMTMyOTg0ODQ1OF5BMl5BanBnXkFtZTcwNjc0NTMwNQ@@._V1_UY268_CR3,0,182,268_AL_.jpg'),
(113, 'The Hunt', 2012, 115, 0, 'Danish', 'Lucas is a Kindergarten teacher who takes great care of his students. Unfortunately for him, young Klara has a run-away imagination and concocts a lie about her teacher. Before Lucas is even able to understand the consequences, he has become the outcast of the town. The hunt is on to prove his innocence before it''s taken from him for good.', 'A teacher lives a lonely life, all the while struggling over his son''s custody. His life slowly gets better as he finds love and receives good news from his son, but his new luck is about to be brutally shattered by an innocent little lie.', '8', 160379, 113, 4, 113, 'http://ia.media-imdb.com/images/M/MV5BMTg2NDg3ODg4NF5BMl5BanBnXkFtZTcwNzk3NTc3Nw@@._V1_UY268_CR3,0,182,268_AL_.jpg'),
(114, 'Unforgiven', 1992, 131, 0, 'English', 'The town of Big Whisky is full of normal people trying to lead quiet lives. Cowboys try to make a living. Sheriff ''Little Bill'' tries to build a house and keep a heavy-handed order. The town whores just try to get by.Then a couple of cowboys cut up a whore. Dissatisfied with Bill''s justice, the prostitutes put a bounty on the cowboys. The bounty attracts a young gun billing himself as ''The Schofield Kid'', and aging killer William Munny. Munny reformed for his young wife, and has been raising crops and two children in peace. But his wife is gone. Farm life is hard. And Munny is no good at it. So he calls his old partner Ned, saddles his ornery nag, and rides off to kill one more time, blurring the lines between heroism and villainy, man and myth.', 'Retired Old West gunslinger William Munny reluctantly takes on one last job, with the help of his old partner and a young man.', '8', 268848, 114, 1, 114, 'http://ia.media-imdb.com/images/M/MV5BMTkzNTc0NDc4OF5BMl5BanBnXkFtZTcwNTY1ODg3OA@@._V1_UY268_CR3,0,182,268_AL_.jpg'),
(115, 'The Third Man', 1949, 93, 0, 'English', 'An out of work pulp fiction novelist, Holly Martins, arrives in a post war Vienna divided into sectors by the victorious allies, and where a shortage of supplies has lead to a flourishing black market. He arrives at the invitation of an ex-school friend, Harry Lime, who has offered him a job, only to discover that Lime has recently died in a peculiar traffic accident. From talking to Lime''s friends and associates Martins soon notices that some of the stories are inconsistent, and determines to discover what really happened to Harry Lime.', 'Pulp novelist Holly Martins travels to shadowy, postwar Vienna, only to find himself investigating the mysterious death of an old friend, Harry Lime.', '8', 110180, 115, 2, 115, 'http://ia.media-imdb.com/images/M/MV5BMjMwNzMzMTQ0Ml5BMl5BanBnXkFtZTgwNjExMzUwNjE@._V1_UX182_CR0,0,182,268_AL_.jpg'),
(116, 'Inside Out', 2015, 95, 0, 'English', 'Growing up can be a bumpy road, and it''s no exception for Riley, who is uprooted from her Midwest life when her father starts a new job in San Francisco. Like all of us, Riley is guided by her emotions - Joy, Fear, Anger, Disgust and Sadness. The emotions live in Headquarters, the control center inside Riley''s mind, where they help advise her through everyday life. As Riley and her emotions struggle to adjust to a new life in San Francisco, turmoil ensues in Headquarters. Although Joy, Riley''s main and most important emotion, tries to keep things positive, the emotions conflict on how best to navigate a new city, house and school.', 'After young Riley is uprooted from her Midwest life and moved to San Francisco, her emotions - Joy, Fear, Anger, Disgust and Sadness - conflict on how best to navigate a new city, house, and school.', '8', 296805, 116, 4, 116, 'http://ia.media-imdb.com/images/M/MV5BOTgxMDQwMDk0OF5BMl5BanBnXkFtZTgwNjU5OTg2NDE@._V1_UX182_CR0,0,182,268_AL_.jpg'),
(117, 'Up', 2009, 96, 0, 'English', 'A young Carl Fredrickson meets a young adventure-spirited girl named Ellie. They both dream of going to a lost land in South America. 70 years later, Ellie has died. Carl remembers the promise he made to her. Then, when he inadvertently hits a construction worker, he is forced to go to a retirement home. But before they can take him, he and his house fly away. However, he has a stowaway aboard: an 8-year-old boy named Russell, who''s trying to get an Assisting the Elderly badge. Together, they embark on an adventure, where they encounter talking dogs, an evil villain and a rare bird named Kevin.', 'Seventy-eight year old Carl Fredricksen travels to Paradise Falls in his home equipped with balloons, inadvertently taking a young stowaway.', '8', 636040, 117, 0, 117, 'http://ia.media-imdb.com/images/M/MV5BMTk3NDE2NzI4NF5BMl5BanBnXkFtZTgwNzE1MzEyMTE@._V1_UX182_CR0,0,182,268_AL_.jpg'),
(118, 'Good Will Hunting', 1997, 126, 0, 'English', 'A touching tale of a wayward young man who struggles to find his identity, living in a world where he can solve any problem, except the one brewing deep within himself, until one day he meets his soul mate who opens his mind and his heart.', 'Will Hunting, a janitor at M.I.T., has a gift for mathematics, but needs help from a psychologist to find direction in his life.', '8', 582375, 118, 2, 118, 'http://ia.media-imdb.com/images/M/MV5BMTk0NjY0Mzg5MF5BMl5BanBnXkFtZTcwNzM1OTM2MQ@@._V1_UY268_CR0,0,182,268_AL_.jpg'),
(119, 'Raging Bull', 1980, 129, 0, 'English', 'When Jake LaMotta steps into a boxing ring and obliterates his opponent, he''s a prizefighter. But when he treats his family and friends the same way, he''s a ticking time bomb, ready to go off at any moment. Though LaMotta wants his family''s love, something always seems to come between them. Perhaps it''s his violent bouts of paranoia and jealousy. This kind of rage helped make him a champ, but in real life, he winds up in the ring alone.', 'An emotionally self-destructive boxer''s journey through life, as the violence and temper that leads him to the top in the ring, destroys his life outside it.', '8', 228152, 119, 0, 119, 'http://ia.media-imdb.com/images/M/MV5BMjIxOTg3OTc5MF5BMl5BanBnXkFtZTcwNzkwNjMwNA@@._V1_UX182_CR0,0,182,268_AL_.jpg'),
(120, 'Downfall', 2004, 156, 0, 'German', 'In April of 1945, Germany stands at the brink of defeat with the Soviet Armies closing in from the west and south. In Berlin, capital of the Third Reich, Adolf Hitler proclaims that Germany will still achieve victory and orders his Generals and advisers to fight to the last man. ''Downfall'' explores these final days of the Reich, where senior German leaders (such as Himmler and Goring) began defecting from their beloved Fuhrer, in an effort to save their own lives, while still others (Joseph Goebbels) pledge to die with Hitler. Hitler, himself, degenerates into a paranoid shell of a man, full of optimism one moment and suicidal depression the next. When the end finally does comes, and Hitler lies dead by his own hand, what is left of his military must find a way to end the killing that is the Battle of Berlin, and lay down their arms in surrender.', 'Traudl Junge, the final secretary for Adolf Hitler, tells of the Nazi dictator''s final days in his Berlin bunker at the end of WWII.', '8', 241213, 120, 0, 120, 'http://ia.media-imdb.com/images/M/MV5BMTM1OTI1MjE2Nl5BMl5BanBnXkFtZTcwMTEwMzc4NA@@._V1_UX182_CR0,0,182,268_AL_.jpg'),
(121, 'Die Hard', 1988, 131, 0, 'English', 'NYPD cop John McClane goes on a Christmas vacation to visit his wife Holly in Los Angeles where she works for the Nakatomi Corporation. While they are at the Nakatomi headquarters for a Christmas party, a group of bank robbers led by Hans Gruber take control of the building and hold everyone hostage, with the exception of John, while they plan to perform a lucrative heist. Unable to escape and with no immediate police response, John is forced to take matters into his own hands.', 'John McClane, officer of the NYPD, tries to save his wife Holly Gennaro and several others that were taken hostage by German terrorist Hans Gruber during a Christmas party at the Nakatomi Plaza in Los Angeles.', '8', 574812, 121, 3, 121, 'http://ia.media-imdb.com/images/M/MV5BMTY4ODM0OTc2M15BMl5BanBnXkFtZTcwNzE0MTk3OA@@._V1_UX182_CR0,0,182,268_AL_.jpg'),
(122, 'Room', 2015, 118, 0, 'English', 'ROOM tells the extraordinary story of Jack, a spirited 5-year-old who is looked after by his loving and devoted mother. Like any good mother, Ma dedicates herself to keeping Jack happy and safe, nurturing him with warmth and love and doing typical things like playing games and telling stories. Their life, however, is anything but typical--they are trapped--confined to a 10-by-10-foot space that Ma has euphemistically named Room. Ma has created a whole universe for Jack within Room, and she will stop at nothing to ensure that, even in this treacherous environment, Jack is able to live a complete and fulfilling life. But as Jack''s curiosity about their situation grows, and Ma''s resilience reaches its breaking point, they enact a risky plan to escape, ultimately bringing them face-to-face with what may turn out to be the scariest thing yet: the real world.', 'A kidnapped mother and son escape from a room in which they have endured imprisonment for the entirety of her son''s life. Upon breaking free from its confines, they experience a dramatic homecoming; provoking insight into the depths of imagination and the', '8', 111857, 122, 1, 122, 'http://ia.media-imdb.com/images/M/MV5BMjE4NzgzNzEwMl5BMl5BanBnXkFtZTgwMTMzMDE0NjE@._V1_UX182_CR0,0,182,268_AL_.jpg'),
(123, 'Chinatown', 1974, 130, 0, 'English', 'JJ ''Jake'' Gittes is a private detective who seems to specialize in matrimonial cases. He is hired by Evelyn Mulwray when she suspects her husband Hollis, builder of the city''s water supply system, of having an affair. Gittes does what he does best and photographs him with a young girl but in the ensuing scandal, it seems he was hired by an impersonator and not the real Mrs. Mulwray. When Mr. Mulwray is found dead, Jake is plunged into a complex web of deceit involving murder, incest and municipal corruption all related to the city''s water supply.', 'A private detective hired to expose an adulterer finds himself caught up in a web of deceit, corruption and murder.', '8', 209422, 123, 5, 123, 'http://ia.media-imdb.com/images/M/MV5BMTUyMTQ1NjA2OV5BMl5BanBnXkFtZTcwODQ1Njg3OA@@._V1_UX182_CR0,0,182,268_AL_.jpg'),
(124, 'The Great Escape', 1963, 172, 0, 'English', 'Based on a true story, a group of allied escape artist-type prisoners-of-war (POW''s) are all put in an ''escape proof'' camp. Their leader decides to try to take out several hundred all at once. The first half of the film is played for comedy as the prisoners mostly outwit their jailers to dig the escape tunnel. The second half is high adventure as they use boats and trains and planes to get out of occupied Europe.', 'Allied P.O.W.s plan for several hundred of their number to escape from a German camp during World War II.', '8', 160237, 124, 0, 124, 'http://ia.media-imdb.com/images/M/MV5BMjI2MTQwNDI3Nl5BMl5BanBnXkFtZTcwNDk4MTkzNA@@._V1_UX182_CR0,0,182,268_AL_.jpg'),
(125, 'Heat', 1995, 170, 0, 'English', 'Hunters and their prey--Neil and his professional criminal crew hunt to score big money targets (banks, vaults, armored cars) and are, in turn, hunted by Lt. Vincent Hanna and his team of cops in the Robbery/Homicide police division. A botched job puts Hanna onto their trail while they regroup and try to put together one last big ''retirement'' score. Neil and Vincent are similar in many ways, including their troubled personal lives. At a crucial moment in his life, Neil disobeys the dictum taught to him long ago by his criminal mentor--''Never have anything in your life that you can''t walk out on in thirty seconds flat, if you spot the heat coming around the corner''--as he falls in love. Thus the stage is set for the suspenseful ending....', 'A group of professional bank robbers start to feel the heat from police when they unknowingly leave a clue at their latest heist.', '8', 419122, 125, 5, 125, 'http://ia.media-imdb.com/images/M/MV5BMTM1NDc4ODkxNV5BMl5BanBnXkFtZTcwNTI4ODE3MQ@@._V1_UY268_CR1,0,182,268_AL_.jpg'),
(126, 'On the Waterfront', 1954, 108, 0, 'English', 'Terry Malloy dreams about being a prize fighter, while tending his pigeons and running errands at the docks for Johnny Friendly, the corrupt boss of the dockers union. Terry witnesses a murder by two of Johnny''s thugs, and later meets the dead man''s sister and feels responsible for his death. She introduces him to Father Barry, who tries to force him to provide information for the courts that will smash the dock racketeers.', 'An ex-prize fighter turned longshoreman struggles to stand up to his corrupt union bosses.', '8', 97155, 126, 2, 126, 'http://ia.media-imdb.com/images/M/MV5BMTcwMTU3MjI1OV5BMl5BanBnXkFtZTgwNjE2OTI3MjE@._V1_UY268_CR4,0,182,268_AL_.jpg'),
(127, 'Pan''s Labyrinth', 2006, 118, 0, 'Spanish', 'In 1944 falangist Spain, a girl, fascinated with fairy-tales, is sent along with her pregnant mother to live with her new stepfather, a ruthless captain of the Spanish army. During the night, she meets a fairy who takes her to an old faun in the center of the labyrinth. He tells her she''s a princess, but must prove her royalty by surviving three gruesome tasks. If she fails, she will never prove herself to be the the true princess and will never see her real father, the king, again.', 'In the falangist Spain of 1944, the bookish young stepdaughter of a sadistic army officer escapes into an eerie but captivating fantasy world.', '8', 452934, 127, 4, 127, 'http://ia.media-imdb.com/images/M/MV5BMTU3ODg2NjQ5NF5BMl5BanBnXkFtZTcwMDEwODgzMQ@@._V1_UY268_CR0,0,182,268_AL_.jpg'),
(128, 'My Neighbor Totoro', 1988, 86, 0, 'Japanese', 'Two young girls, Satsuki and her younger sister Mei, move into a house in the country with their father to be closer to their hospitalized mother. Satsuki and Mei discover that the nearby forest is inhabited by magical creatures called Totoros (pronounced toe-toe-ro). They soon befriend these Totoros, and have several magical adventures.', 'When two girls move to the country to be near their ailing mother, they have adventures with the wonderous forest spirits who live nearby.', '8', 163200, 128, 4, 128, 'http://ia.media-imdb.com/images/M/MV5BMjE3NzY5ODQwMV5BMl5BanBnXkFtZTcwNzY1NzcxNw@@._V1_UY268_CR6,0,182,268_AL_.jpg'),
(129, 'Mr. Smith Goes to Washington', 1939, 129, 0, 'English', 'Naive and idealistic Jefferson Smith, leader of the Boy Rangers, is appointed on a lark by the spineless governor of his state. He is reunited with the state''s senior senator--presidential hopeful and childhood hero, Senator Joseph Paine. In Washington, however, Smith discovers many of the shortcomings of the political process as his earnest goal of a national boys'' camp leads to a conflict with the state political boss, Jim Taylor. Taylor first tries to corrupt Smith and then later attempts to destroy Smith through a scandal.', 'A naive man is appointed to fill a vacancy in the US Senate. His plans promptly collide with political corruption, but he doesn''t back down.', '8', 74927, 129, 4, 129, 'http://ia.media-imdb.com/images/M/MV5BMjAwMzU5ODkwNF5BMl5BanBnXkFtZTcwNTg4Mjk3OA@@._V1_UX182_CR0,0,182,268_AL_.jpg'),
(130, 'Ikiru', 1952, 143, 0, 'Japanese', 'Kanji Watanabe is a longtime bureaucrat in a city office who, along with the rest of the office, spends his entire working life doing nothing. He learns he is dying of cancer and wants to find some meaning in his life. He finds himself unable to talk with his family, and spends a night on the town with a novelist, but that leaves him unfulfilled. He next spends time with a young woman from his office, but finally decides he can make a difference through his job... After Watanabe''s death, co-workers at his funeral discuss his behavior over the last several months and debate why he suddenly became assertive in his job to promote a city park, and resolve to be more like Watanabe.', 'A bureaucrat tries to find a meaning in his life after he discovers he has terminal cancer.', '8', 40505, 130, 0, 130, 'http://ia.media-imdb.com/images/M/MV5BMTcyMDU0MTQzNV5BMl5BanBnXkFtZTcwOTk2NDQyMQ@@._V1._CR12,28,314,446_UY268_CR3,0,182,268_AL_.jpg'),
(131, 'Sunrise', 1927, 94, 0, '', 'In this fable-morality subtitled ''A Song of Two Humans'', the ''evil'' temptress is a city woman who bewitches farmer Anses and tries to convince him to murder his neglected wife, Indre.', 'A married farmer falls under the spell of a slatternly woman from the city, who tries to convince him to drown his wife.', '8', 27690, 131, 2, 131, 'http://ia.media-imdb.com/images/M/MV5BMjIzNzg4MzcxNV5BMl5BanBnXkFtZTgwMTgzNTE0MTE@._V1_UX182_CR0,0,182,268_AL_.jpg'),
(132, 'The Bridge on the River Kwai', 1957, 161, 0, 'English', 'The film deals with the situation of British prisoners of war during World War II who are ordered to build a bridge to accommodate the Burma-Siam railway. Their instinct is to sabotage the bridge but, under the leadership of Colonel Nicholson, they are persuaded that the bridge should be constructed as a symbol of British morale, spirit and dignity in adverse circumstances. At first, the prisoners admire Nicholson when he bravely endures torture rather than compromise his principles for the benefit of the Japanese commandant Saito. He is an honorable but arrogant man, who is slowly revealed to be a deluded obsessive. He convinces himself that the bridge is a monument to British character, but actually is a monument to himself, and his insistence on its construction becomes a subtle form of collaboration with the enemy. Unknown to him, the Allies have sent a mission into the jungle, led by Warden and an American, Shears, to blow up the bridge.', 'After settling his differences with a Japanese PoW camp commander, a British colonel co-operates to oversee his men''s construction of a railway bridge for their captors - while oblivious to a plan by the Allies to destroy it.', '8', 144175, 132, 5, 132, 'http://ia.media-imdb.com/images/M/MV5BMTc2NzA0NTEwNF5BMl5BanBnXkFtZTcwMzA0MTk3OA@@._V1_UX182_CR0,0,182,268_AL_.jpg'),
(133, 'The Gold Rush', 1925, 95, 0, 'English', 'A lone prospector ventures into Alaska looking for gold. He gets mixed up with some burly characters and falls in love with the beautiful Georgia. He tries to win her heart with his singular charm.', 'A prospector goes to the Klondike in search of gold and finds it and more.', '8', 65136, 133, 3, 133, 'http://ia.media-imdb.com/images/M/MV5BMzYzMDQyNzA4NV5BMl5BanBnXkFtZTYwNDU5NDU5._V1_UY268_CR7,0,182,268_AL_.jpg'),
(134, 'Ran', 1985, 162, 0, 'Japanese', 'Japanese warlord Hidetori Ichimonji decides the time has come to retire and divide his fiefdom among his three sons. His eldest and middle sons - Taro and Jiro - agree with his decision and promise to support him for his remaining days. The youngest son Saburo disagrees with all of them arguing that there is little likelihood the three brothers will remain united. Insulted by his son''s brashness, the warlord banishes Saburo. As the warlord begins his retirement, he quickly realizes that his two eldest sons selfish and have no intention of keeping their promises. It leads to war and only banished Saburo c an possibly save him.', 'An elderly lord abdicates to his three sons, and the two corrupt ones turn against him.', '8', 74749, 134, 2, 134, 'http://ia.media-imdb.com/images/M/MV5BNTEyNjg0MDM4OF5BMl5BanBnXkFtZTgwODI0NjUxODE@._V1_UY268_CR2,0,182,268_AL_.jpg'),
(135, 'The Seventh Seal', 1957, 96, 0, 'Swedish', 'A Knight and his squire are home from the crusades. Black Death is sweeping their country. As they approach home, Death appears to the knight and tells him it is his time. The knight challenges Death to a chess game for his life. The Knight and Death play as the cultural turmoil envelopes the people around them as they try, in different ways, to deal with the upheaval the plague has caused.', 'A man seeks answers about life, death, and the existence of God as he plays chess against the Grim Reaper during the Black Plague.', '8', 108046, 135, 5, 135, 'http://ia.media-imdb.com/images/M/MV5BMTUzODUyNjkxM15BMl5BanBnXkFtZTcwODA5MTM1Mg@@._V1_UY268_CR4,0,182,268_AL_.jpg'),
(136, 'The Secret in Their Eyes', 2009, 129, 0, 'Spanish', 'In 1999, retired Argentinian federal justice agent Benjamín Espósito is writing a novel, using an old closed case as the source material. That case is the brutal rape and murder of Liliana Coloto. In addition to seeing the extreme grief of the victim''s husband Ricardo Morales, Benjamín, his assistant Pablo Sandoval, and newly hired department chief Irene Menéndez-Hastings were personally affected by the case as Benjamín and Pablo tracked the killer, hence the reason why the unsatisfactory ending to the case has always bothered him. Despite the department already having two other suspects, Benjamín and Pablo ultimately were certain that a man named Isidoro Gómez is the real killer. Although he is aware that historical accuracy is not paramount for the novel, the process of revisiting the case is more an issue of closure for him. He tries to speak to the key players in the case, most specifically Irene, who still works in the justice department and who he has always been attracted to ...', 'A retired legal counselor writes a novel hoping to find closure for one of his past unresolved homicide cases and for his unreciprocated love with his superior - both of which still haunt him decades later.', '8', 125469, 136, 4, 136, 'http://ia.media-imdb.com/images/M/MV5BMTgwNTI3OTczOV5BMl5BanBnXkFtZTcwMTM3MTUyMw@@._V1_UX182_CR0,0,182,268_AL_.jpg'),
(137, 'Blade Runner', 1982, 117, 0, 'English', 'In the futuristic year of 2019, Los Angeles has become a dark and depressing metropolis, filled with urban decay. Rick Deckard, an ex-cop, is a ''Blade Runner''. Blade runners are people assigned to assassinate ''replicants''. The replicants are androids that look like real human beings. When four replicants commit a bloody mutiny on the Off World colony, Deckard is called out of retirement to track down the androids. As he tracks the replicants, eliminating them one by one, he soon comes across another replicant, Rachel, who evokes human emotion, despite the fact that she''s a replicant herself. As Deckard closes in on the leader of the replicant group, his true hatred toward artificial intelligence makes him question his own identity in this future world, including what''s human and what''s not human.', 'A blade runner must pursue and try to terminate four replicants who stole a ship in space and have returned to Earth to find their creator.', '8', 448150, 137, 0, 137, 'http://ia.media-imdb.com/images/M/MV5BMTA4MDQxNTk2NDheQTJeQWpwZ15BbWU3MDE2NjIyODk@._V1_UX182_CR0,0,182,268_AL_.jpg'),
(138, 'Lock, Stock and Two Smoking Barrels', 1998, 107, 0, 'English', 'Four Jack-the-lads find themselves heavily - seriously heavily - in debt to an East End hard man and his enforcers after a crooked card game. Overhearing their neighbours in the next flat plotting to hold up a group of out-of-their-depth drug growers, our heros decide to stitch up the robbers in turn. In a way the confusion really starts when a pair of antique double-barrelled shotguns go missing in a completely different scam.', 'A botched card game in London triggers four friends, thugs, weed-growers, hard gangsters, loan sharks and debt collectors to collide with each other in a series of unexpected events, all for the sake of weed, cash and two antique shotguns.', '8', 403637, 138, 5, 138, 'http://ia.media-imdb.com/images/M/MV5BMTU4MTM1MjUxMF5BMl5BanBnXkFtZTYwOTEzODY4._V1_UY268_CR5,0,182,268_AL_.jpg'),
(139, 'Zootopia', 2016, 108, 0, 'English', 'From the largest elephant to the smallest shrew, the city of Zootopia is a mammal metropolis where various animals live and thrive. When Judy Hopps becomes the first rabbit to join the police force, she quickly learns how tough it is to enforce the law. Determined to prove herself, Judy jumps at the opportunity to solve a mysterious case. Unfortunately, that means working with Nick Wilde, a wily fox who makes her job even harder.', 'In a city of anthropomorphic animals, a rookie bunny cop and a cynical con artist fox must work together to uncover a conspiracy.', '8', 46578, 139, 0, 139, 'http://ia.media-imdb.com/images/M/MV5BOTMyMjEyNzIzMV5BMl5BanBnXkFtZTgwNzIyNjU0NzE@._V1_UX182_CR0,0,182,268_AL_.jpg'),
(140, 'The General', 1926, 67, 0, 'English', 'Johnnie loves his train (''The General'') and Annabelle Lee. When the Civil War begins he is turned down for service because he''s more valuable as an engineer. Annabelle thinks it''s because he''s a coward. Union spies capture The General with Annabelle on board. Johnnie must rescue both his loves.', 'When Union spies steal an engineer''s beloved locomotive, he pursues it single-handedly and straight through enemy lines.', '8', 51502, 140, 5, 140, 'http://ia.media-imdb.com/images/M/MV5BODQxMzMyNTY5Nl5BMl5BanBnXkFtZTcwMDMyNTk3OA@@._V1_UX182_CR0,0,182,268_AL_.jpg'),
(141, 'Wild Strawberries', 1957, 91, 0, 'Swedish', 'With the exception of his elderly housekeeper Miss Agda who he treats almost like a surrogate platonic wife, widowed seventy-eight year old Dr. Isak Borg, a former medical doctor and professor, has retreated from any human contact, partly his own want but partly the decision of others who do not want to spend time with him because of his cold demeanor. He is traveling from his home in Stockholm to Lund to accept an honorary degree. Instead of flying as was the original plan, he decides to take the day long drive instead. Along for the ride is his daughter-in-law Marianne, who had been staying with him for the month but has now decided to go home. The many stops and encounters along the way make him reminisce about various parts of his life. Those stops which make him reminisce directly are at his childhood summer home, at the home of his equally emotionally cold mother, and at a gas station where the attendants praise him as a man for his work. But the lives of other people they ...', 'After living a life marked by coldness, an aging professor is forced to confront the emptiness of his existence.', '8', 60945, 141, 5, 141, 'http://ia.media-imdb.com/images/M/MV5BMjgwNjI3NTM1MF5BMl5BanBnXkFtZTgwNzY3MTUyMjE@._V1_UY268_CR0,0,182,268_AL_.jpg'),
(142, 'Howl''s Moving Castle', 2004, 119, 0, 'Japanese', 'Sophie, a young, beautiful girl works at a hat shop. One day, Sophie meets Howl, a boy who''s mysterious and starts to take a liking to Sophie. While she was in her hat shop, Sophie meets the witch of the waist, who curses Sophie to be an old woman. Trying to hide her ugliness from her family, Sophie runs away and finds herself at Howl''s castle.', 'When an unconfident young woman is cursed with an old body by a spiteful witch, her only chance of breaking the spell lies with a self-indulgent yet insecure young wizard and his companions in his legged, walking castle.', '8', 204726, 142, 5, 142, 'http://ia.media-imdb.com/images/M/MV5BMTY1OTg0MjE3MV5BMl5BanBnXkFtZTcwNTUxMTkyMQ@@._V1_UX182_CR0,0,182,268_AL_.jpg'),
(143, 'Casino', 1995, 178, 0, 'English', 'This Martin Scorsese film depicts the Janus-like quality of Las Vegas--it has a glittering, glamorous face, as well as a brutal, cruel one. Ace Rothstein and Nicky Santoro, mobsters who move to Las Vegas to make their mark, live and work in this paradoxical world. Seen through their eyes, each as a foil to the other, the details of mob involvement in the casinos of the 1970''s and ''80''s are revealed. Ace is the smooth operator of the Tangiers casino, while Nicky is his boyhood friend and tough strongman, robbing and shaking down the locals. However, they each have a tragic flaw--Ace falls in love with a hustler, Ginger, and Nicky falls into an ever-deepening spiral of drugs and violence.', 'Greed, deception, money, power, and murder occur between two mobster best friends and a trophy wife over a gambling empire.', '8', 322494, 143, 3, 143, 'http://ia.media-imdb.com/images/M/MV5BMTMzMjkwMTk4Nl5BMl5BanBnXkFtZTYwNjYxMjk5._V1_UX182_CR0,0,182,268_AL_.jpg'),
(144, 'The Elephant Man', 1980, 124, 0, 'English', 'John Merrick (whose real name was Joseph, as this is based on a true story) is an intelligent and friendly man, but he is hated by his Victorian-era English society because he is severely deformed. Once he is discovered by a doctor, however, he is saved from his life in a freak show and he is treated like the human being that he really is.', 'A Victorian surgeon rescues a heavily disfigured man who is mistreated while scraping a living as a side-show freak. Behind his monstrous facade, there is revealed a person of intelligence and sensitivity.', '8', 157236, 144, 0, 144, 'http://ia.media-imdb.com/images/M/MV5BMTExNTk0MjIzNDZeQTJeQWpwZ15BbWU3MDY5ODI5Nzg@._V1_UX182_CR0,0,182,268_AL_.jpg'),
(145, 'Warrior', 2011, 140, 0, 'English', 'Two brothers face the fight of a lifetime - and the wreckage of their broken family - within the brutal, high-stakes world of Mixed Martial Arts (MMA) fighting in Lionsgate''s action/drama, WARRIOR. A former Marine, haunted by a tragic past, Tommy Riordan returns to his hometown of Pittsburgh and enlists his father, a recovered alcoholic and his former coach, to train him for an MMA tournament awarding the biggest purse in the history of the sport. As Tommy blazes a violent path towards the title prize, his brother, Brendan, a former MMA fighter unable to make ends meet as a public school teacher, returns to the amateur ring to provide for his family. Even though years have passed, recriminations and past betrayals keep Brendan bitterly estranged from both Tommy and his father. But when Brendan''s unlikely rise as an underdog sets him on a collision course with Tommy, the two brothers must finally confront the forces that tore them apart, all the while waging the most intense, ...', 'The youngest son of an alcoholic former boxer returns home, where he''s trained by his father for competition in a mixed martial arts tournament - a path that puts the fighter on a collision course with his estranged, older brother.', '8', 320697, 145, 2, 145, 'http://ia.media-imdb.com/images/M/MV5BMTk4ODk5MTMyNV5BMl5BanBnXkFtZTcwMDMyNTg0Ng@@._V1_UX182_CR0,0,182,268_AL_.jpg'),
(146, 'The Wolf of Wall Street', 2013, 180, 0, 'English', 'Jordan Belfort is a Long Island penny stockbroker who served 22 months in prison for defrauding investors in a massive 1990s securities scam that involved widespread corruption on Wall Street and in the corporate banking world, including shoe designer Steve Madden.', 'Based on the true story of , from his rise to a wealthy stock-broker living the high life to his fall involving crime, corruption and the federal government.', '8', 738361, 146, 5, 146, 'http://ia.media-imdb.com/images/M/MV5BMjIxMjgxNTk0MF5BMl5BanBnXkFtZTgwNjIyOTg2MDE@._V1_UX182_CR0,0,182,268_AL_.jpg'),
(147, 'Judgment at Nuremberg', 1961, 186, 0, 'English', 'It has been three years since the most important Nazi leaders had already been tried. This trial is about 4 judges who used their offices to conduct Nazi sterilization and cleansing policies. Retired American judge, Dan Haywood has a daunting task ahead of him. The Cold War is heating up and no one wants any more trials as Germany, and Allied governments, want to forget the past. But is that the right thing to do is the question that the tribunal must decide.', 'In 1948, an American court in occupied Germany tries four Nazi judges for war crimes.', '8', 42393, 147, 4, 147, 'http://ia.media-imdb.com/images/M/MV5BNDc2ODQ5NTE2MV5BMl5BanBnXkFtZTcwODExMjUyNA@@._V1_UX182_CR0,0,182,268_AL_.jpg'),
(148, 'V for Vendetta', 2005, 132, 0, 'English', 'Tells the story of Evey Hammond and her unlikely but instrumental part in bringing down the fascist government that has taken control of a futuristic Great Britain. Saved from a life-and-death situation by a man in a Guy Fawkes mask who calls himself V, she learns a general summary of V''s past and, after a time, decides to help him bring down those who committed the atrocities that led to Britain being in the shape that it is in.', 'In a future British tyranny, a shadowy freedom fighter, known only by the alias of ''V'', plots to overthrow it with the help of a young woman.', '8', 765650, 148, 3, 148, 'http://ia.media-imdb.com/images/M/MV5BOTI5ODc3NzExNV5BMl5BanBnXkFtZTcwNzYxNzQzMw@@._V1_UX182_CR0,0,182,268_AL_.jpg'),
(149, 'A Beautiful Mind', 2001, 135, 0, 'English', 'From the heights of notoriety to the depths of depravity, John Forbes Nash, Jr. experienced it all. A mathematical genius, he made an astonishing discovery early in his career and stood on the brink of international acclaim. But the handsome and arrogant Nash soon found himself on a painful and harrowing journey of self-discovery. After many years of struggle, he eventually triumphed over his tragedy, and finally - late in life - received the Nobel Prize.', 'After a brilliant but asocial mathematician, , accepts secret work in cryptography, his life takes a turn for the nightmarish.', '8', 586958, 149, 4, 149, 'http://ia.media-imdb.com/images/M/MV5BMTQ4MDI2MzkwMl5BMl5BanBnXkFtZTYwMjk0NTA5._V1_UX182_CR0,0,182,268_AL_.jpg'),
(150, 'Gran Torino', 2008, 116, 0, 'English', 'Walt Kowalski is a widower who holds onto his prejudices despite the changes in his Michigan neighborhood and the world around him. Kowalski is a grumpy, tough-minded, unhappy old man who can''t get along with either his kids or his neighbors. He is a Korean War veteran whose prize possession is a 1972 Gran Torino he keeps in mint condition. When his neighbor Thao, a young Hmong teenager under pressure from his gang member cousin, tries to steal his Gran Torino, Kowalski sets out to reform the youth. Drawn against his will into the life of Thao''s family, Kowalski is soon taking steps to protect them from the gangs that infest their neighborhood.', 'Disgruntled Korean War veteran Walt Kowalski sets out to reform his neighbor, a Hmong teenager who tried to steal Kowalski''s prized possession: a 1972 Gran Torino.', '8', 545855, 150, 4, 150, 'http://ia.media-imdb.com/images/M/MV5BMTQyMTczMTAxMl5BMl5BanBnXkFtZTcwOTc1ODE0Mg@@._V1_UY268_CR3,0,182,268_AL_.jpg'),
(151, 'The Big Lebowski', 1998, 117, 0, 'English', 'When ''The Dude'' Lebowski is mistaken for a millionaire Lebowski, two thugs urinate on his rug to coerce him into paying a debt he knows nothing about. While attempting to gain recompense for the ruined rug from his wealthy counterpart, he accepts a one-time job with high pay-off. He enlists the help of his bowling buddy, Walter, a gun-toting Jewish-convert with anger issues. Deception leads to more trouble, and it soon seems that everyone from porn empire tycoons to nihilists want something from The Dude.', '''The Dude'' Lebowski, mistaken for a millionaire Lebowski, seeks restitution for his ruined rug and enlists his bowling buddies to help get it.', '8', 518894, 151, 0, 151, 'http://ia.media-imdb.com/images/M/MV5BMTQ0NjUzMDMyOF5BMl5BanBnXkFtZTgwODA1OTU0MDE@._V1_UX182_CR0,0,182,268_AL_.jpg'),
(152, 'Incendies', 2010, 139, 0, 'French', 'A mother''s last wishes send twins Jeanne and Simon on a journey to the Middle East in search of their tangled roots. Adapted from Wajdi Mouawad''s acclaimed play, Incendies tells the powerful and moving tale of two young adults'' voyage to the core of deep-rooted hatred, never-ending wars and enduring love.', 'Twins journey to the Middle East to discover their family history, and fulfill their mother''s last wishes.', '8', 76026, 152, 3, 152, 'http://ia.media-imdb.com/images/M/MV5BMTg4MzA0NjI5OF5BMl5BanBnXkFtZTcwNTUwMzQzNg@@._V1_UY268_CR4,0,182,268_AL_.jpg'),
(153, 'Rebecca', 1940, 130, 0, 'English', 'A shy ladies'' companion, staying in Monte Carlo with her stuffy employer, meets the wealthy Maxim de Winter. She and Max fall in love, marry and return to Manderley, his large country estate in Cornwall. Max is still troubled by the death of his first wife, Rebecca, in a boating accident the year before. The second Mrs. de Winter clashes with the housekeeper, Mrs. Danvers, and discovers that Rebecca still has a strange hold on everyone at Manderley.', 'A self-conscious bride is tormented by the memory of her husband''s dead first wife.', '8', 84600, 153, 4, 153, 'http://ia.media-imdb.com/images/M/MV5BMTM5ODA4ODMzM15BMl5BanBnXkFtZTcwOTA2NTEwNA@@._V1._CR9,22,314,458_UY268_CR1,0,182,268_AL_.jpg'),
(154, 'The Deer Hunter', 1978, 183, 0, 'English', 'Michael, Steven and Nick are young factory workers from Pennsylvania who enlist into the Army to fight in Vietnam. Before they go, Steven marries the pregnant Angela, and their wedding party also serves as the men''s farewell party. After some time and many horrors, the three friends fall in the hands of the Vietcong and are brought to a prison camp in which they are forced to play Russian roulette against each other. Michael makes it possible for them to escape, but they soon get separated again.', 'An in-depth examination of the ways in which the U.S. Vietnam war impacts and disrupts the lives of people in a small industrial town in Pennsylvania.', '8', 225745, 154, 0, 154, 'http://ia.media-imdb.com/images/M/MV5BMTk3MTQzMDUwMF5BMl5BanBnXkFtZTgwMTUxNzYxMTE@._V1_UX182_CR0,0,182,268_AL_.jpg'),
(155, 'Gone with the Wind', 1939, 238, 0, 'English', 'Scarlett is a woman who can deal with a nation at war, Atlanta burning, the Union Army carrying off everything from her beloved Tara, the carpetbaggers who arrive after the war. Scarlett is beautiful. She has vitality. But Ashley, the man she has wanted for so long, is going to marry his placid cousin, Melanie. Mammy warns Scarlett to behave herself at the party at Twelve Oaks. There is a new man there that day, the day the Civil War begins. Rhett Butler. Scarlett does not know he is in the room when she pleads with Ashley to choose her instead of Melanie.', 'A manipulative Southern belle carries on a turbulent affair with a blockade runner during the American Civil War.', '8', 208648, 155, 4, 155, 'http://ia.media-imdb.com/images/M/MV5BNDUwMjAxNTU1MF5BMl5BanBnXkFtZTgwMzg4NzMxMDE@._V1_UX182_CR0,0,182,268_AL_.jpg'),
(156, 'Fargo', 1996, 98, 0, 'English', 'Jerry works in his father-in-law''s car dealership and has gotten himself in financial problems. He tries various schemes to come up with money needed for a reason that is never really explained. It has to be assumed that his huge embezzlement of money from the dealership is about to be discovered by father-in-law. When all else falls through, plans he set in motion earlier for two men to kidnap his wife for ransom to be paid by her wealthy father (who doesn''t seem to have the time of day for son-in-law). From the moment of the kidnapping, things go wrong and what was supposed to be a non-violent affair turns bloody with more blood added by the minute. Jerry is upset at the bloodshed, which turns loose a pregnant sheriff from Brainerd, MN who is tenacious in attempting to solve the three murders in her jurisdiction.', 'Jerry Lundegaard''s inept crime falls apart due to his and his henchmen''s bungling and the persistent police work of the quite pregnant Marge Gunderson.', '8', 438714, 156, 4, 156, 'http://ia.media-imdb.com/images/M/MV5BMTgxNzY3MzUxOV5BMl5BanBnXkFtZTcwMDA0NjMyNA@@._V1_UX182_CR0,0,182,268_AL_.jpg'),
(157, 'Cool Hand Luke', 1967, 126, 0, 'English', 'Luke Jackson is a cool, gutsy prisoner in a Southern chain gang, who, while refusing to buckle under to authority, keeps escaping and being recaptured. The prisoners admire Luke because, as Dragline explains it, ''You''re an original, that''s what you are!'' Nevertheless, the camp staff actively works to crush Luke until he finally breaks.', 'A man refuses to conform to life in a rural prison.', '8', 116510, 157, 3, 157, 'http://ia.media-imdb.com/images/M/MV5BODMyMDA0MTY2OF5BMl5BanBnXkFtZTcwMzkzNjk3OA@@._V1_UY268_CR3,0,182,268_AL_.jpg'),
(158, 'Trainspotting', 1996, 94, 0, 'English', 'A wild, freeform, Rabelaisian trip through the darkest recesses of Edinburgh low-life, focusing on Mark Renton and his attempt to give up his heroin habit, and how the latter affects his relationship with family and friends: Sean Connery wannabe Sick Boy, dimbulb Spud, psycho Begbie, 14-year-old girlfriend Diane, and clean-cut athlete Tommy, who''s never touched drugs but can''t help being curious about them...', 'Renton, deeply immersed in the Edinburgh drug scene, tries to clean up and get out, despite the allure of the drugs and influence of friends.', '8', 454974, 158, 0, 158, 'http://ia.media-imdb.com/images/M/MV5BMTg2MzcxNTY3NV5BMl5BanBnXkFtZTgwOTQ5NDQxMDE@._V1_UX182_CR0,0,182,268_AL_.jpg'),
(159, 'How to Train Your Dragon', 2010, 98, 0, 'English', 'Long ago up North on the Island of Berk, the young Viking, Hiccup, wants to join his town''s fight against the dragons that continually raid their town. However, his macho father and village leader, Stoik the Vast, will not allow his small, clumsy, but inventive son to do so. Regardless, Hiccup ventures out into battle and downs a mysterious Night Fury dragon with his invention, but can''t bring himself to kill it. Instead, Hiccup and the dragon, whom he dubs Toothless, begin a friendship that would open up both their worlds as the observant boy learns that his people have misjudged the species. But even as the two each take flight in their own way, they find that they must fight the destructive ignorance plaguing their world.', 'A hapless young Viking who aspires to hunt dragons, becomes the unlikely friend of a young dragon himself, and learns there may be more to the creatures than he assumed.', '8', 465411, 159, 1, 159, 'http://ia.media-imdb.com/images/M/MV5BMjA5NDQyMjc2NF5BMl5BanBnXkFtZTcwMjg5ODcyMw@@._V1_UX182_CR0,0,182,268_AL_.jpg'),
(160, 'Dial M for Murder', 1954, 105, 0, 'English', 'In London, wealthy Margot Mary Wendice had a brief love affair with the American writer Mark Halliday while her husband and professional tennis player Tony Wendice was on a tennis tour. Tony quits playing to dedicate to his wife and finds a regular job. She decides to give him a second chance for their marriage. When Mark arrives from America to visit the couple, Margot tells him that she had destroyed all his letters but one that was stolen. Subsequently she was blackmailed, but she had never retrieved the stolen letter. Tony arrives home, claims that he needs to work and asks Margot to go with Mark to the theater. Meanwhile Tony calls Captain Lesgate (aka Charles Alexander Swann who studied with him at college) and blackmails him to murder his wife, so that he can inherit her fortune. But there is no perfect crime, and things do not work as planned.', 'An ex-tennis pro carries out a plot to murder his wife. When things go wrong, he improvises a brilliant plan B.', '8', 102133, 160, 4, 160, 'http://ia.media-imdb.com/images/M/MV5BMTkyNzc4ODk4N15BMl5BanBnXkFtZTcwMDE5ODEwNA@@._V1_UX182_CR0,0,182,268_AL_.jpg'),
(161, 'The Sixth Sense', 1999, 107, 0, 'English', 'Malcom Crowe ()is a child psychologist who receives an award on the same night that he is visited by a very unhappy ex-patient. After this encounter, Crowe takes on the task of curing a young boy with the same ills as the ex-patient () . This boy ''sees dead people''. Crowe spends a lot of time with the boy much to the dismay of his wife (). Cole''s mom () is at her wit''s end with what to do about her son''s increasing problems. Crowe is the boy''s only hope.', 'A boy who communicates with spirits that don''t know they''re dead seeks the help of a disheartened child psychologist.', '8', 683560, 161, 5, 161, 'http://ia.media-imdb.com/images/M/MV5BMWM4NTFhYjctNzUyNi00NGMwLTk3NTYtMDIyNTZmMzRlYmQyXkEyXkFqcGdeQXVyMTAwMzUyOTc@._V1_UX182_CR0,0,182,268_AL_.jpg'),
(162, 'Into the Wild', 2007, 148, 0, 'English', 'Based on a true story. After graduating from Emory University, top student and athlete Christopher McCandless abandoned his possessions, gave his entire $24,000 savings account to charity and hitchhiked to Alaska to live in the wilderness. Along the way, Christopher encounters a series of characters who shape his life.', 'After graduating from Emory University, top student and athlete Christopher McCandless abandons his possessions, gives his entire $24,000 savings account to charity and hitchhikes to Alaska to live in the wilderness. Along the way, Christopher encounters ', '8', 411014, 162, 3, 162, 'http://ia.media-imdb.com/images/M/MV5BMTAwNDEyODU1MjheQTJeQWpwZ15BbWU2MDc3NDQwNw@@._V1_UX182_CR0,0,182,268_AL_.jpg'),
(163, 'Finding Nemo', 2003, 100, 0, 'English', 'A clown fish named Marlin lives in the Great Barrier Reef loses his son, Nemo. After he ventures into the open sea, despite his father''s constant warnings about many of the ocean''s dangers. Nemo is abducted by a boat and netted up and sent to a dentist''s office in Sydney. So, while Marlin ventures off to try to retrieve Nemo, Marlin meets a fish named Dory, a blue tang suffering from short-term memory loss. The companions travel a great distance, encountering various dangerous sea creatures such as sharks, anglerfish and jellyfish, in order to rescue Nemo from the dentist''s office, which is situated by Sydney Harbor. While the two are doing this, Nemo and the other sea animals in the dentist''s fish tank plot a way to return to Sydney Harbor to live their lives free again.', 'After his son is captured in the Great Barrier Reef and taken to Sydney, a timid clownfish sets out on a journey to bring him home.', '8', 659701, 163, 1, 163, 'http://ia.media-imdb.com/images/M/MV5BMTY1MTg1NDAxOV5BMl5BanBnXkFtZTcwMjg1MDI5Nw@@._V1_UX182_CR0,0,182,268_AL_.jpg');
INSERT INTO `movies` (`id`, `title`, `year`, `runtime`, `country`, `language`, `plot`, `simplePlot`, `rating`, `votes`, `ranking`, `awards`, `director_id`, `img_url`) VALUES
(164, 'The Thing', 1982, 109, 0, 'English', 'An American scientific expedition to the frozen wastes of the Antarctic is interrupted by a group of seemingly mad Norwegians pursuing and shooting a dog. The helicopter pursuing the dog explodes, eventually leaving no explanation for the chase. During the night, the dog mutates and attacks other dogs in the cage and members of the team that investigate. The team soon realizes that an alien life-form with the ability to take over other bodies is on the loose and they don''t know who may already have been taken over.', 'It''s the first week of winter in 1982. An American Research Base is greeted by an alien force, that can assimilate anything it touches. It''s up to the members to stay alive, and be sure of who is human, and who has become one of the Things.', '8', 248672, 164, 3, 164, 'http://ia.media-imdb.com/images/M/MV5BNTQ5ODU0NjUwOV5BMl5BanBnXkFtZTgwOTcwNDgwNzE@._V1_UX182_CR0,0,182,268_AL_.jpg'),
(165, 'No Country for Old Men', 2007, 122, 0, 'English', 'In rural Texas, welder and hunter Llewelyn Moss discovers the remains of several drug runners who have all killed each other in an exchange gone violently wrong. Rather than report the discovery to the police, Moss decides to simply take the two million dollars present for himself. This puts the psychopathic killer, Anton Chigurh, on his trail as he dispassionately murders nearly every rival, bystander and even employer in his pursuit of his quarry and the money. As Moss desperately attempts to keep one step ahead, the blood from this hunt begins to flow behind him with relentlessly growing intensity as Chigurh closes in. Meanwhile, the laconic Sherrif Ed Tom Bell blithely oversees the investigation even as he struggles to face the sheer enormity of the crimes he is attempting to thwart.', 'Violence and mayhem ensue after a hunter stumbles upon a drug deal gone wrong and more than two million dollars in cash near the Rio Grande.', '8', 591781, 165, 3, 165, 'http://ia.media-imdb.com/images/M/MV5BMjA5Njk3MjM4OV5BMl5BanBnXkFtZTcwMTc5MTE1MQ@@._V1_UY268_CR0,0,182,268_AL_.jpg'),
(166, 'It Happened One Night', 1934, 105, 0, 'English', 'Ellie Andrews has just tied the knot with society aviator King Westley when she is whisked away to her father''s yacht and out of King''s clutches. Ellie jumps ship and eventually winds up on a bus headed back to her husband. Reluctantly she must accept the help of out-of- work reporter Peter Warne. Actually, Warne doesn''t give her any choice: either she sticks with him until he gets her back to her husband, or he''ll blow the whistle on Ellie to her father. Either way, Peter gets what (he thinks!) he wants .... a really juicy newspaper story.', 'A spoiled heiress, running away from her family, is helped by a man who is actually a reporter in need of a story.', '8', 62420, 166, 1, 166, 'http://ia.media-imdb.com/images/M/MV5BMTczOTQ1MTQ4MF5BMl5BanBnXkFtZTcwODI2MDk4OQ@@._V1_UX182_CR0,0,182,268_AL_.jpg'),
(167, 'Mary et Max.', 2009, 92, 0, 'English', 'In the mid-1970''s, a homely, friendless Australian girl of 8 picks a name out of a Manhattan phone book and writes to him; she includes a chocolate bar. She''s Mary Dinkle, the only child of an alcoholic mother and a distracted father. He''s Max Horowitz, an overweight man with Asperger''s, living alone in New York. He writes back, with chocolate. Thus begins a 20-year correspondence, interrupted by a stay in an asylum and a few misunderstandings. Mary falls in love with a neighbor, saves money to have a birthmark removed and deals with loss. Max has a friendship with a neighbor, tries to control his weight, and finally gets the dream job. Will the two ever meet face to face?', 'A tale of friendship between two unlikely pen pals: Mary, a lonely, eight-year-old girl living in the suburbs of Melbourne, and Max, a forty-four-year old, severely obese man living in New York.', '8', 114388, 167, 4, 167, 'http://ia.media-imdb.com/images/M/MV5BMTQ1NDIyNTA1Nl5BMl5BanBnXkFtZTcwMjc2Njk3OA@@._V1_UY268_CR3,0,182,268_AL_.jpg'),
(168, 'Gone Girl', 2014, 149, 0, 'English', 'On the occasion of his fifth wedding anniversary, Nick Dunne reports that his wife, Amy, has gone missing. Under pressure from the police and a growing media frenzy, Nick''s portrait of a blissful union begins to crumble. Soon his lies, deceits and strange behavior have everyone asking the same dark question: Did Nick Dunne kill his wife?', 'With his wife''s disappearance having become the focus of an intense media circus, a man sees the spotlight turned on him when it''s suspected that he may not be innocent.', '8', 538828, 168, 2, 168, 'http://ia.media-imdb.com/images/M/MV5BMTk0MDQ3MzAzOV5BMl5BanBnXkFtZTgwNzU1NzE3MjE@._V1_UX182_CR0,0,182,268_AL_.jpg'),
(169, 'Kill Bill: Vol. 1', 2003, 111, 0, 'English', 'The lead character, called ''The Bride,'' was a member of the Deadly Viper Assassination Squad, led by her lover ''Bill.'' Upon realizing she was pregnant with Bill''s child, ''The Bride'' decided to escape her life as a killer. She fled to Texas, met a young man, who, on the day of their wedding rehearsal was gunned down by an angry and jealous Bill (with the assistance of the Deadly Viper Assassination Squad). Four years later, ''The Bride'' wakes from a coma, and discovers her baby is gone. She, then, decides to seek revenge upon the five people who destroyed her life and killed her baby. The saga of Kill Bill Volume I begins.', 'The Bride wakens from a four-year coma. The child she carried in her womb is gone. Now she must wreak vengeance on the team of assassins who betrayed her - a team she was once part of.', '8', 711262, 169, 0, 169, 'http://ia.media-imdb.com/images/M/MV5BMTU1NDg1Mzg4M15BMl5BanBnXkFtZTYwMDExOTc3._V1_UX182_CR0,0,182,268_AL_.jpg'),
(170, 'The Revenant', 2015, 156, 0, 'English', 'While exploring the uncharted wilderness in 1823, legendary frontiersman Hugh Glass sustains injuries from a brutal bear attack. When his hunting team leaves him for dead, Glass must utilize his survival skills to find a way back home while avoiding natives on their own hunt. Grief-stricken and fueled by vengeance, Glass treks through the wintry terrain to track down John Fitzgerald, the former confidant who betrayed and abandoned him.', 'A frontiersman on a fur trading expedition in the 1820s fights for survival after being mauled by a bear and left for dead by members of his own hunting team.', '8', 305732, 170, 0, 170, 'http://ia.media-imdb.com/images/M/MV5BMjU4NDExNDM1NF5BMl5BanBnXkFtZTgwMDIyMTgxNzE@._V1_UX182_CR0,0,182,268_AL_.jpg'),
(171, 'Rush', 2013, 123, 0, 'English', 'Set against the sexy, glamorous golden age of Formula 1 racing in the 1970s, the film is based on the true story of a great sporting rivalry between handsome English playboy (Hemsworth), and his methodical, brilliant opponent, Austrian driver (Bruhl). The story follows their distinctly different personal styles on and off the track, their loves and the astonishing 1976 season in which both drivers were willing to risk everything to become world champion in a sport with no margin for error: if you make a mistake, you die.', 'The merciless 1970s rivalry between Formula One rivals and .', '8', 298319, 171, 1, 171, 'http://ia.media-imdb.com/images/M/MV5BMTQyMDE0MTY0OV5BMl5BanBnXkFtZTcwMjI2OTI0OQ@@._V1_UX182_CR0,0,182,268_AL_.jpg'),
(172, 'Life of Brian', 1979, 94, 0, 'English', 'The story of Brian of Nazareth, born on the same day as Jesus of Nazareth, who takes a different path in life that leads to the same conclusion. Brian joins a political resistance movement aiming to get the Romans out of Judea. Brian scores a victory of sorts when he manages to paint political slogans on an entire wall in the city of Jerusalem. The movement is not very effective but somehow Brian becomes a prophet and gathers his own following. His fate is sealed however and he lives a very short life.', 'Brian is born on the original Christmas, in the stable next door. He spends his life being mistaken for a messiah.', '8', 263814, 172, 0, 172, 'http://ia.media-imdb.com/images/M/MV5BMTM2NjQ4NDA0MV5BMl5BanBnXkFtZTcwMjM0Njk3OA@@._V1_UY268_CR3,0,182,268_AL_.jpg'),
(173, 'Mad Max: Fury Road', 2015, 120, 0, 'English', 'An apocalyptic story set in the furthest reaches of our planet, in a stark desert landscape where humanity is broken, and almost everyone is crazed fighting for the necessities of life. Within this world exist two rebels on the run who just might be able to restore order. There''s Max, a man of action and a man of few words, who seeks peace of mind following the loss of his wife and child in the aftermath of the chaos. And Furiosa, a woman of action and a woman who believes her path to survival may be achieved if she can make it across the desert back to her childhood homeland.', 'A woman rebels against a tyrannical ruler in postapocalyptic Australia in search for her home-land with the help of a group of female prisoners, a psychotic worshipper, and a drifter named Max.', '8', 494413, 173, 5, 173, 'http://ia.media-imdb.com/images/M/MV5BMTUyMTE0ODcxNF5BMl5BanBnXkFtZTgwODE4NDQzNTE@._V1_UY268_CR1,0,182,268_AL_.jpg'),
(174, 'The Maltese Falcon', 1941, 100, 0, 'English', 'Spade and Archer is the name of a San Francisco detective agency. That''s for Sam Spade and Miles Archer. The two men are partners, but Sam doesn''t like Miles much. A knockout, who goes by the name of Miss Wonderly, walks into their office; and by that night everything''s changed. Miles is dead. And so is a man named Floyd Thursby. It seems Miss Wonderly is surrounded by dangerous men. There''s Joel Cairo, who uses gardenia-scented calling cards. There''s Kasper Gutman, with his enormous girth and feigned civility. Her only hope of protection comes from Sam, who is suspected by the police of one or the other murder. More murders are yet to come, and it will all be because of these dangerous men -- and their lust for a statuette of a bird: the Maltese Falcon.', 'A private detective takes on a case that involves him with three eccentric criminals, a gorgeous liar, and their quest for a priceless statuette.', '8', 109632, 174, 4, 174, 'http://ia.media-imdb.com/images/M/MV5BMTc4MDEzOTMwMl5BMl5BanBnXkFtZTgwMTc2NjgyMjE@._V1_UX182_CR0,0,182,268_AL_.jpg'),
(175, 'Hotel Rwanda', 2004, 121, 0, 'English', 'During the 1990s, some of the worst atrocities in the history of mankind took place in the country of Rwanda--and in an era of high-speed communication and round the clock news, the events went almost unnoticed by the rest of the world. In only three months, one million people were brutally murdered. In the face of these unspeakable actions, inspired by his love for his family, an ordinary man summons extraordinary courage to save the lives of over a thousand helpless refugees, by granting them shelter in the hotel he manages.', 'The true story of Paul Rusesabagina, a hotel manager who housed over a thousand Tutsi refugees during their struggle against the Hutu militia in Rwanda.', '8', 256935, 175, 3, 175, 'http://ia.media-imdb.com/images/M/MV5BMTI2MzQyNTc1M15BMl5BanBnXkFtZTYwMjExNjc3._V1_UX182_CR0,0,182,268_AL_.jpg'),
(176, 'Spotlight', 2015, 128, 0, 'English', 'When the Boston Globe''s tenacious ''Spotlight'' team of reporters delves into allegations of abuse in the Catholic Church, their year-long investigation uncovers a decades-long cover-up at the highest levels of Boston''s religious, legal, and government establishment, touching off a wave of revelations around the world.', 'The true story of how the Boston Globe uncovered the massive scandal of child molestation and cover-up within the local Catholic Archdiocese, shaking the entire Catholic Church to its core.', '8', 137097, 176, 2, 176, 'http://ia.media-imdb.com/images/M/MV5BMjIyOTM5OTIzNV5BMl5BanBnXkFtZTgwMDkzODE2NjE@._V1_UX182_CR0,0,182,268_AL_.jpg'),
(177, 'There Will Be Blood', 2007, 158, 0, 'English', 'The intersecting life stories of Daniel Plainview and Eli Sunday in early twentieth century California presents miner-turned-oilman Daniel Plainview, a driven man who will do whatever it takes to achieve his goals. He works hard but also takes advantage of those around him at their expense if need be. His business partner/son (H.W.) is, in reality, an ''acquired'' child whose true biological single-parent father (working on one of Daniel''s rigs) died in a workplace accident. Daniel is deeply protective of H.W. if only for what H.W. brings to the partnership. Eli Sunday is one in a pair of twins whose family farm Daniel purchases for the major oil deposit located on it. Eli, a local preacher and a self-proclaimed faith healer, wants the money from the sale of the property to finance his own church. The lives of the two competitive men often clash as Daniel pumps oil off the property and tries to acquire all the surrounding land at bargain prices to be able to build a pipeline to the ...', 'A story of family, religion, hatred, oil and madness, focusing on a turn-of-the-century prospector in the early days of the business.', '8', 360612, 177, 4, 177, 'http://ia.media-imdb.com/images/M/MV5BMjA0NjE1ODEyNV5BMl5BanBnXkFtZTcwNDIzMzE5NQ@@._V1_UY268_CR9,0,182,268_AL_.jpg'),
(178, 'Platoon', 1986, 120, 0, 'English', 'Chris Taylor is a young, naive American who gives up college and volunteers for combat in Vietnam. Upon arrival, he quickly discovers that his presence is quite nonessential, and is considered insignificant to the other soldiers, as he has not fought for as long as the rest of them and felt the effects of combat. Chris has two non-commissioned officers, the ill-tempered and indestructible Staff Sergeant Robert Barnes and the more pleasant and cooperative Sergeant Elias Grodin. A line is drawn between the two NCOs and a number of men in the platoon when an illegal killing occurs during a village raid. As the war continues, Chris himself draws towards psychological meltdown. And as he struggles for survival, he soon realizes he is fighting two battles, the conflict with the enemy and the conflict between the men within his platoon.', 'A young recruit in Vietnam faces a moral crisis when confronted with the horrors of war and the duality of man.', '8', 283099, 178, 5, 178, 'http://ia.media-imdb.com/images/M/MV5BNTU3NzY4ODY5MF5BMl5BanBnXkFtZTcwOTkzNzE1NA@@._V1_UX182_CR0,0,182,268_AL_.jpg'),
(179, 'The Wages of Fear', 1953, 156, 0, 'French', 'In the South American jungle supplies of nitroglycerin are needed at a remote oil field. The oil company pays four men to deliver the supplies in two trucks. A tense rivalry develops between the two sets of drivers and on the rough remote roads the slightest jolt can result in death.', 'In a decrepit South American village, men are hired to transport an urgent nitroglycerine shipment without the equipment that would make it safe.', '8', 34106, 179, 2, 179, 'http://ia.media-imdb.com/images/M/MV5BMTQ5MzkyNDgyMF5BMl5BanBnXkFtZTgwODg2MTMzMjE@._V1_UY268_CR0,0,182,268_AL_.jpg'),
(180, 'Network', 1976, 121, 0, 'English', 'In the 1970s, terrorist violence is the stuff of networks'' nightly news programming and the corporate structure of the UBS Television Network is changing. Meanwhile, Howard Beale, the aging UBS news anchor, has lost his once strong ratings share and so the network fires him. Beale reacts in an unexpected way. We then see how this affects the fortunes of Beale, his coworkers (Max Schumacher and Diana Christensen), and the network.', 'A television network cynically exploits a deranged former anchor''s ravings and revelations about the news media for its own profit.', '8', 99488, 180, 2, 180, 'http://ia.media-imdb.com/images/M/MV5BNzk5MjcxNTg2MF5BMl5BanBnXkFtZTgwMzY2MTUxMDE@._V1_UY268_CR9,0,182,268_AL_.jpg'),
(181, 'Butch Cassidy and the Sundance Kid', 1969, 110, 0, 'English', 'Butch and Sundance are the two leaders of the Hole-in-the-Wall Gang. Butch is all ideas, Sundance is all action and skill. The west is becoming civilized and when Butch and Sundance rob a train once too often, a special posse begins trailing them no matter where they run. Over rock, through towns, across rivers, the group is always just behind them. When they finally escape through sheer luck, Butch has another idea, ''Let''s go to Bolivia''. Based on the exploits of the historical characters.', 'Two Western bank/train robbers flee to Bolivia when the law gets too close.', '8', 146938, 181, 4, 181, 'http://ia.media-imdb.com/images/M/MV5BMTkyMTM2NDk5Nl5BMl5BanBnXkFtZTgwNzY1NzEyMDE@._V1_UX182_CR0,0,182,268_AL_.jpg'),
(182, 'The 400 Blows', 1959, 99, 0, 'French', 'Seemingly in constant trouble at school, 14 year-old Antoine Doinel returns at the end of every day to a drab and unhappy home life. His parents have little money and he sleeps on a couch that''s been pushed into the kitchen. He knows his mother is having an affair and his parents bicker constantly. He decides to skip school and begins a downward spiral of lies and later stealing. His parents are at their wits end and after he''s stopped by the police, they decide the best thing to do would be to let Antoine face the consequences. He''s sent to a juvenile detention facility where he doesn''t do much better. He does manage to escape however.........', 'Moving story of a young boy who, left without attention, delves into a life of petty crime.', '8', 67571, 182, 1, 182, 'http://ia.media-imdb.com/images/M/MV5BMTQzNTMzOTA2Ml5BMl5BanBnXkFtZTgwNDQ2OTI3MjE@._V1_UY268_CR0,0,182,268_AL_.jpg'),
(183, 'Stand by Me', 1986, 89, 0, 'English', 'It''s the summer of 1959 in Castlerock, Oregon and four 12 year-old boys - Gordie, Chris, Teddy and Vern - are fast friends. After learning of the general location of the body of a local boy who has been missing for several days, they set off into woods to see it. Along the way, they learn about themselves, the meaning of friendship and the need to stand up for what is right.', 'After the death of a friend, a writer recounts a boyhood journey to find the body of a missing boy.', '8', 262632, 183, 2, 183, 'http://ia.media-imdb.com/images/M/MV5BNDk2MTkyMTA1OF5BMl5BanBnXkFtZTcwOTc2Njk3OA@@._V1_UX182_CR0,0,182,268_AL_.jpg'),
(184, 'Persona', 1966, 83, 0, 'Swedish', 'A young nurse, Alma, is put in charge of Elisabeth Vogler: an actress who is seemingly healthy in all respects, but will not talk. As they spend time together, Alma speaks to Elisabeth constantly, never receiving any answer. Alma eventually confesses her secrets to a seemingly sympathetic Elisabeth and finds that her own personality is being submerged into Elisabeth''s persona.', 'A nurse is put in charge of an actress who can''t talk and finds that the actress''s persona is melding with hers.', '8', 58700, 184, 5, 184, 'http://ia.media-imdb.com/images/M/MV5BMTc1OTgxNjYyNF5BMl5BanBnXkFtZTcwNjM2MjM2NQ@@._V1_UX182_CR0,0,182,268_AL_.jpg'),
(185, 'Au nom du père', 1993, 133, 0, 'English', 'A small time thief from Belfast, Gerry Conlon, is falsely implicated in the IRA bombing of a pub that kills several people while he is in London. Bullied by the British police, he and four of his friends are coerced into confessing their guilt. Gerry''s father and other relatives in London are also implicated in the crime. He spends 15 years in prison with his father trying to prove his innocence with the help of a British attorney, Gareth Peirce. Based on a true story.', 'A man''s coerced confession to an IRA bombing he did not commit results in the imprisonment of his father as well. An English lawyer fights to free them.', '8', 105359, 185, 4, 185, 'http://ia.media-imdb.com/images/M/MV5BMTcwNjMyMzI0OV5BMl5BanBnXkFtZTgwMDU4NjkzMTE@._V1_UX182_CR0,0,182,268_AL_.jpg'),
(186, 'Shutter Island', 2010, 138, 0, 'English', 'It''s 1954, and up-and-coming U.S. marshal Teddy Daniels is assigned to investigate the disappearance of a patient from Boston''s Shutter Island Ashecliffe Hospital. He''s been pushing for an assignment on the island for personal reasons, but before long he wonders whether he hasn''t been brought there as part of a twisted plot by hospital doctors whose radical treatments range from unethical to illegal to downright sinister. Teddy''s shrewd investigating skills soon provide a promising lead, but the hospital refuses him access to records he suspects would break the case wide open. As a hurricane cuts off communication with the mainland, more dangerous criminals ''escape'' in the confusion, and the puzzling, improbable clues multiply, Teddy begins to doubt everything - his memory, his partner, even his own sanity.', 'A U.S Marshal investigates the disappearance of a murderess who escaped from a hospital for the criminally insane.', '8', 753130, 186, 0, 186, 'http://ia.media-imdb.com/images/M/MV5BMTMxMTIyNzMxMV5BMl5BanBnXkFtZTcwOTc4OTI3Mg@@._V1_UX182_CR0,0,182,268_AL_.jpg'),
(187, '12 Years a Slave', 2013, 134, 0, 'English', 'Based on an incredible true story of one man''s fight for survival and freedom. In the pre-Civil War United States, (), a free black man from upstate New York, is abducted and sold into slavery. Facing cruelty (personified by a malevolent slave owner, portrayed by ), as well as unexpected kindnesses, Solomon struggles not only to stay alive, but to retain his dignity. In the twelfth year of his unforgettable odyssey, Solomon''s chance meeting with a Canadian abolitionist () will forever alter his life.', 'In the antebellum United States, , a free black man from upstate New York, is abducted and sold into slavery.', '8', 417472, 187, 1, 187, 'http://ia.media-imdb.com/images/M/MV5BMjExMTEzODkyN15BMl5BanBnXkFtZTcwNTU4NTc4OQ@@._V1_UX182_CR0,0,182,268_AL_.jpg'),
(188, 'The Grand Budapest Hotel', 2014, 99, 0, 'English', 'GRAND BUDAPEST HOTEL recounts the adventures of Gustave H, a legendary concierge at a famous European hotel between the wars, and Zero Moustafa, the lobby boy who becomes his most trusted friend. The story involves the theft and recovery of a priceless Renaissance painting and the battle for an enormous family fortune -- all against the back-drop of a suddenly and dramatically changing Continent.', 'The adventures of Gustave H, a legendary concierge at a famous hotel from the fictional Republic of Zubrowka between the first and second World Wars, and Zero Moustafa, the lobby boy who becomes his most trusted friend.', '8', 447809, 188, 2, 188, 'http://ia.media-imdb.com/images/M/MV5BMzM5NjUxOTEyMl5BMl5BanBnXkFtZTgwNjEyMDM0MDE@._V1_UX182_CR0,0,182,268_AL_.jpg'),
(189, 'Amores Perros', 2000, 154, 0, 'Spanish', 'Three interconnected stories about the different strata of life in Mexico City all resolve with a fatal car accident. Octavio is trying to raise enough money to run away with his sister-in-law, and decides to enter his dog Cofi into the world of dogfighting. After a dogfight goes bad, Octavio flees in his car, running a red light and causing the accident. Daniel and Valeria''s new-found bliss is prematurely ended when she loses her leg in the accident. El Chivo is a homeless man who cares for stray dogs and is there to witness the collision.', 'A horrific car accident connects three stories, each involving characters dealing with loss, regret, and life''s harsh realities, all in the name of love.', '8', 168768, 189, 1, 189, 'http://ia.media-imdb.com/images/M/MV5BMjIyNTA5MzQ5N15BMl5BanBnXkFtZTcwNjIyNTgxMQ@@._V1_UY268_CR4,0,182,268_AL_.jpg'),
(190, 'The Princess Bride', 1987, 98, 0, 'English', 'An elderly man reads the book ''The Princess Bride'' to his sick and thus currently bedridden adolescent grandson, the reading of the book which has been passed down within the family for generations. The grandson is sure he won''t like the story, with a romance at its core, he preferring something with lots of action and ''no kissing''. But the grandson is powerless to stop his grandfather, whose feelings he doesn''t want to hurt. The story centers on Buttercup, a former farm girl who has been chosen as the princess bride to Prince Humperdinck of Florian. Buttercup does not love him, she who still laments the death of her one true love, Westley, five years ago. Westley was a hired hand on the farm, his stock answer of ''as you wish'' to any request she made of him which she came to understand was his way of saying that he loved her. But Westley went away to sea, only to be killed by the Dread Pirate Roberts. On a horse ride to clear her mind of her upcoming predicament of marriage, Buttercup...', 'While home sick in bed, a young boy''s grandfather reads him a story called The Princess Bride.', '8', 284353, 190, 3, 190, 'http://ia.media-imdb.com/images/M/MV5BMTkzMDgyNjQwM15BMl5BanBnXkFtZTgwNTg2Mjc1MDE@._V1_UX182_CR0,0,182,268_AL_.jpg'),
(191, 'Million Dollar Baby', 2004, 132, 0, 'English', 'Wanting to learn from the best, aspiring boxer Maggie Fitzgerald wants Frankie Dunn to train her. At the outset he flatly refuses saying he has no interest in training a girl. Frankie leads a lonely existence, alienated from his only daughter and having few friends. She''s rough around the edges but shows a lot of grit in the ring and he eventually relents. Maggie not only proves to be the boxer he always dreamed of having under his wing but a friend who fills the great void he''s had in his life. Maggie''s career skyrockets but an accident in the ring leads her to ask Frankie for one last favor.', 'A determined woman works with a hardened boxing trainer to become a professional.', '8', 466936, 191, 0, 191, 'http://ia.media-imdb.com/images/M/MV5BMTkxNzA1NDQxOV5BMl5BanBnXkFtZTcwNTkyMTIzMw@@._V1_UX182_CR0,0,182,268_AL_.jpg'),
(192, 'Touch of Evil', 1958, 95, 0, 'English', 'Mexican Narcotics officer Ramon Miguel ''Mike'' Vargas has to interrupt his honeymoon on the Mexican-US border when an American building contractor is killed after someone places a bomb in his car. He''s killed on the US side of the border but it''s clear that the bomb was planted on the Mexican side. As a result, Vargas delays his return to Mexico City where he has been mounting a case against the Grandi family crime and narcotics syndicate. Police Captain Hank Quinlan is in charge on the US side and he soon has a suspect, a Mexican named Manolo Sanchez. Vargas is soon onto Quinlan and his Sergeant, Pete Menzies, when he catches them planting evidence to convict Sanchez. With his new American wife, Susie, safely tucked away in a hotel on the US side of the border - or so he thinks - he starts to review Quinlan''s earlier cases. While concentrating on the corrupt policeman however, the Grandis have their own plans for Vargas and they start with his wife Susie.', 'A stark, perverse story of murder, kidnapping, and police corruption in a Mexican border town.', '8', 70608, 192, 5, 192, 'http://ia.media-imdb.com/images/M/MV5BMTY3NjIwMDY4M15BMl5BanBnXkFtZTgwODMwODgyMTE@._V1_UX182_CR0,0,182,268_AL_.jpg'),
(193, 'Ben-Hur', 1959, 212, 0, 'English', 'Judah Ben-Hur lives as a rich Jewish prince and merchant in Jerusalem at the beginning of the 1st century. Together with the new governor his old friend Messala arrives as commanding officer of the Roman legions. At first they are happy to meet after a long time but their different politic views separate them. During the welcome parade a roof tile falls down from Judah''s house and injures the governor. Although Messala knows they are not guilty, he sends Judah to the galleys and throws his mother and sister into prison. But Judah swears to come back and take revenge.', 'When a Jewish prince is betrayed and sent into slavery by a Roman friend, he regains his freedom and comes back for revenge.', '8', 154675, 193, 1, 193, 'http://ia.media-imdb.com/images/M/MV5BNjg2NjA3NDY2OV5BMl5BanBnXkFtZTgwNzE3NTkxMTE@._V1_UX182_CR0,0,182,268_AL_.jpg'),
(194, 'Annie Hall', 1977, 93, 0, 'English', 'Alvy Singer, a forty year old twice divorced, neurotic, intellectual Jewish New York stand-up comic, reflects on the demise of his latest relationship, to Annie Hall, an insecure, flighty, Midwestern WASP aspiring nightclub singer. Unlike his previous relationships, Alvy believed he may have worked out all the issues in his life through fifteen years of therapy to make this relationship with Annie last, among those issues being not wanting to date any woman that would want to date him, and thus subconsciously pushing those women away. Alvy not only reviews the many ups and many downs of their relationship, but also reviews the many facets of his makeup that led to him starting to date Annie. Those facets include growing up next to Coney Island in Brooklyn, being attracted to the opposite sex for as long as he can remember, and enduring years of Jewish guilt with his constantly arguing parents.', 'Neurotic New York comedian Alvy Singer falls in love with the ditsy Annie Hall.', '8', 186085, 194, 0, 194, 'http://ia.media-imdb.com/images/M/MV5BMTU1NDM2MjkwM15BMl5BanBnXkFtZTcwODU3OTYwNA@@._V1_UX182_CR0,0,182,268_AL_.jpg'),
(195, 'Les nouveaux sauvages', 2014, 122, 0, 'Spanish', 'The film is divided into six segments. (1) ''Pasternak'': While being on a plane, a model and a music critic realise they have a common acquaintance called Pasternak. Soon they discover that every passenger and crew member on board know Pasternak. Is this coincidence? (2) ''The Rats'': A waitress recognizes her client - it''s the loan shark who caused a tragedy in her family. The cook suggests mixing rat poison with his food, but the waitress refuses. The stubborn cook, however, decides to proceed with her plan. (3) ''The Strongest'': Two drivers on a lone highway have an argument with tragic consequences. (4) ''Little Bomb'': A demolition engineer has his car towed by a truck for parking in a wrong place and he has an argument with the employee of the towing company. This event destroys his private and professional life, and he plots revenge against the corrupt towing company and the city hall. (5) ''The Proposal'': A reckless son of a wealthy family has an overnight hit-and-run accident, in ...', 'Six short stories that explore the extremities of human behavior involving people in distress.', '8', 78824, 195, 5, 195, 'http://ia.media-imdb.com/images/M/MV5BNzAzMjA1ODAxOV5BMl5BanBnXkFtZTgwODg4NTQzNDE@._V1_UX182_CR0,0,182,268_AL_.jpg'),
(196, 'The Grapes of Wrath', 1940, 129, 0, 'English', 'Tom Joad returns to his home after a jail sentence to find his family kicked out of their farm due to foreclosure. He catches up with them on his Uncles farm, and joins them the next day as they head for California and a new life... Hopefully.', 'A poor Midwest family is forced off of their land. They travel to California, suffering the misfortunes of the homeless in the Great Depression.', '8', 60850, 196, 0, 196, 'http://ia.media-imdb.com/images/M/MV5BMzgzNjcxNjg2M15BMl5BanBnXkFtZTcwMjQxNDQ3Mg@@._V1_UX182_CR0,0,182,268_AL_.jpg'),
(197, 'Hachi: A Dog''s Tale', 2009, 93, 0, 'English', 'In Bedridge, Professor Parker Wilson finds an abandoned dog at the train station and takes it home with the intention of returning the animal to its owner. He finds that the dog is an Akita and names it Hachiko. However, nobody claims the dog so his family decides to keep Hachi.', 'A drama based on the true story of a college professor''s bond with the abandoned dog he takes into his home.', '8', 145721, 197, 2, 197, 'http://ia.media-imdb.com/images/M/MV5BMTAxMDA2MjM4NDReQTJeQWpwZ15BbWU3MDE0NTgxMTM@._V1_UY268_CR2,0,182,268_AL_.jpg'),
(198, 'Nausicaä of the Valley of the Wind', 1984, 117, 0, 'Japanese', 'An animated fantasy-adventure. Set 1,000 years from now, the earth is ravaged by pollution and war. In the Valley of the Wind lives Nausicaa, princess of her people. Their land borders on a toxic jungle, filled with dangerous over-sized insects. Meanwhile two nearby nations are bitterly engaged in a war and the Valley of the Wind is stuck in the middle...', 'Warrior/pacifist Princess Nausicaä desperately struggles to prevent two warring nations from destroying themselves and their dying planet.', '8', 91982, 198, 5, 198, 'http://ia.media-imdb.com/images/M/MV5BMTM1NjIxNTY4OF5BMl5BanBnXkFtZTcwNDE5MDIyNw@@._V1_UY268_CR4,0,182,268_AL_.jpg'),
(199, 'Stalker', 1979, 163, 0, 'Russian', 'Near a gray and unnamed city is the Zone, an alien place guarded by barbed wire and soldiers. Over his wife''s objections, a man rises in the early morning and leaves her with their disabled daughter to meet two men. He''s a Stalker, one of a handful who have the mental gifts (and who risk imprisonment) to lead people into the Zone to the Room, a place where one''s secret hopes come true. His clients are a burned out popular writer, cynical, and questioning his talent; and a quiet scientist more concerned about his knapsack than the journey. In the deserted Zone, the approach to the Room must be indirect. As they draw near, the rules seem to change and the stalker faces a crisis.', 'A guide leads two men through an area known as the Zone to find a room that grants wishes.', '8', 65615, 199, 1, 199, 'http://ia.media-imdb.com/images/M/MV5BNDY2NjU0NDAxOF5BMl5BanBnXkFtZTgwNjQ4MTI2MTE@._V1_UY268_CR3,0,182,268_AL_.jpg'),
(200, 'Jurassic Park', 1993, 127, 0, 'English', 'Huge advancements in scientific technology have enabled a mogul to create an island full of living dinosaurs. John Hammond has invited four individuals, along with his two grandchildren, to join him at Jurassic Park. But will everything go according to plan? A park employee attempts to steal dinosaur embryos, critical security systems are shut down and it now becomes a race for survival with dinosaurs roaming freely over the island.', 'During a preview tour, a theme park suffers a major power breakdown that allows its cloned dinosaur exhibits to run amok.', '8', 586064, 200, 0, 200, 'http://ia.media-imdb.com/images/M/MV5BMjM2MDgxMDg0Nl5BMl5BanBnXkFtZTgwNTM2OTM5NDE@._V1_UX182_CR0,0,182,268_AL_.jpg'),
(201, 'Diabolique', 1955, 116, 0, 'French', 'The wife and mistress of a sadistic boarding school headmaster plot to kill him. They drown him in the bathtub and dump the body in the school''s filthy swimming pool... but when the pool is drained, the body has disappeared - and subsequent reported sightings of the headmaster slowly drive his ''killers'' (and the audience) up the wall with almost unbearable suspense...', 'The wife of a cruel headmaster and his mistress conspire to kill him, but after the murder is committed, his body disappears, and strange events begin to plague the two women.', '8', 40504, 201, 5, 201, 'http://ia.media-imdb.com/images/M/MV5BMTcwNzc5MjI5Nl5BMl5BanBnXkFtZTYwNjIwMzc5._V1_UY268_CR4,0,182,268_AL_.jpg'),
(202, 'Gandhi', 1982, 191, 0, 'English', 'In 1893, Gandhi is thrown off a South African train for being an Indian and traveling in a first class compartment. Gandhi realizes that the laws are biased against Indians and decides to start a non-violent protest campaign for the rights of all Indians in South Africa. After numerous arrests and the unwanted attention of the world, the government finally relents by recognizing rights for Indians, though not for the native blacks of South Africa. After this victory, Gandhi is invited back to India, where he is now considered something of a national hero. He is urged to take up the fight for India''s independence from the British Empire. Gandhi agrees, and mounts a non-violent non-cooperation campaign of unprecedented scale, coordinating millions of Indians nationwide. There are some setbacks, such as violence against the protesters and Gandhi''s occasional imprisonment. Nevertheless, the campaign generates great attention, and Britain faces intense public pressure. Too weak from World ...', 'Gandhi''s character is fully explained as a man of nonviolence. Through his patience, he is able to drive the British out of the subcontinent. And the stubborn nature of Jinnah and his commitment towards Pakistan is portrayed.', '8', 166052, 202, 4, 202, 'http://ia.media-imdb.com/images/M/MV5BMTQyNTQ4MTAzNl5BMl5BanBnXkFtZTcwMjk2Njk3OA@@._V1_UX182_CR0,0,182,268_AL_.jpg'),
(203, 'The Bourne Ultimatum', 2007, 115, 0, 'English', 'Bourne is once again brought out of hiding, this time inadvertently by London-based reporter Simon Ross who is trying to unveil Operation Blackbriar--an upgrade to Project Treadstone--in a series of newspaper columns. Bourne sets up a meeting with Ross and realizes instantly they''re being scanned. Information from the reporter stirs a new set of memories, and Bourne must finally, ultimately, uncover his dark past whilst dodging The Company''s best efforts in trying to eradicate him.', 'Jason Bourne dodges a ruthless CIA official and his agents from a new assassination program while searching for the origins of his life as a trained killer.', '8', 471835, 203, 0, 203, 'http://ia.media-imdb.com/images/M/MV5BMTgzNjMwOTM3N15BMl5BanBnXkFtZTcwMzA5MDY0MQ@@._V1_UX182_CR0,0,182,268_AL_.jpg'),
(204, '8½', 1963, 138, 0, 'Italian', 'Guido is a film director, trying to relax after his last big hit. He can''t get a moment''s peace, however, with the people who have worked with him in the past constantly looking for more work. He wrestles with his conscience, but is unable to come up with a new idea. While thinking, he starts to recall major happenings in his life, and all the women he has loved and left. An autobiographical film of Fellini, about the trials and tribulations of film making.', 'A harried movie director retreats into his memories and fantasies.', '8', 75902, 204, 2, 204, 'http://ia.media-imdb.com/images/M/MV5BMTQ4MTA0NjEzMF5BMl5BanBnXkFtZTgwMDg4NDYxMzE@._V1_UY268_CR5,0,182,268_AL_.jpg'),
(205, 'Donnie Darko', 2001, 113, 0, 'English', 'Donnie Darko doesn''t get along too well with his family, his teachers and his classmates; but he does manage to find a sympathetic friend in Gretchen, who agrees to date him. He has a compassionate psychiatrist, who discovers hypnosis is the means to unlock hidden secrets. His other companion may not be a true ally. Donnie has a friend named Frank - a large bunny which only Donnie can see. When an engine falls off a plane and destroys his bedroom, Donnie is not there. Both the event, and Donnie''s escape, seem to have been caused by supernatural events. Donnie''s mental illness, if such it is, may never allow him to find out for sure.', 'A troubled teenager is plagued by visions of a large bunny rabbit that manipulates him to commit a series of crimes, after narrowly escaping a bizarre accident.', '8', 563257, 205, 2, 205, 'http://ia.media-imdb.com/images/M/MV5BMTczMzE4Nzk3N15BMl5BanBnXkFtZTcwNDg5Mjc4NA@@._V1_UX182_CR0,0,182,268_AL_.jpg'),
(206, 'Before Sunrise', 1995, 105, 0, 'English', 'American tourist Jesse and French student Celine meet by chance on the train from Budapest to Vienna. Sensing that they are developing a connection, Jesse asks Celine to spend the day with him in Vienna, and she agrees. So they pass the time before his scheduled flight the next morning together. How do two perfect strangers connect so intimately over the course of a single day? What is that special thing that bonds two people so strongly? As their bond turns to love, what will happen to them the next morning when Jesse flies away?', 'A young man and woman meet on a train in Europe, and wind up spending one evening together in Vienna. Unfortunately, both know that this will probably be their only night together.', '8', 175725, 206, 0, 206, 'http://ia.media-imdb.com/images/M/MV5BMTQyMTM3MTQxMl5BMl5BanBnXkFtZTcwMDAzNjQ4Mg@@._V1_UY268_CR1,0,182,268_AL_.jpg'),
(207, 'The Wizard of Oz', 1939, 102, 0, 'English', 'In this charming film based on the popular L. Frank Baum stories, Dorothy and her dog Toto are caught in a tornado''s path and somehow end up in the land of Oz. Here she meets some memorable friends and foes in her journey to meet the Wizard of Oz who everyone says can help her return home and possibly grant her new friends their goals of a brain, heart and courage.', 'Dorothy Gale is swept away to a magical land in a tornado and embarks on a quest to see the Wizard who can help her return home.', '8', 282376, 207, 2, 207, 'http://ia.media-imdb.com/images/M/MV5BMTU0MTA2OTIwNF5BMl5BanBnXkFtZTcwMzA0Njk3OA@@._V1_UY268_CR8,0,182,268_AL_.jpg'),
(208, 'The Best Years of Our Lives', 1946, 172, 0, 'English', 'The story concentrates on the social re-adjustment of three World War II servicemen, each from a different station of society. Al Stephenson returns to an influential banking position, but finds it hard to reconcile his loyalties to ex-servicemen with new commercial realities. Fred Derry is an ordinary working man who finds it difficult to hold down a job or pick up the threads of his marriage. Having had both hands burnt off during the war, Homer Parrish is unsure that his fiancée''s feelings are still those of love and not those of pity. Each of the veterans faces a crisis upon his arrival, and each crisis is a microcosm of the experiences of many American warriors who found an alien world awaiting them when they came marching home.', 'Three World War II veterans return home to small-town America to discover that they and their families have been irreparably changed.', '8', 39022, 208, 2, 208, 'http://ia.media-imdb.com/images/M/MV5BMTk1NTAxNzg3Nl5BMl5BanBnXkFtZTcwNjU4OTQwNw@@._V1_UX182_CR0,0,182,268_AL_.jpg'),
(209, 'Rocky', 1976, 120, 0, 'English', 'Rocky Balboa is a struggling boxer trying to make the big time, working as a debt collector for a pittance. When heavyweight champion Apollo Creed visits Philadelphia, his managers want to set up an exhibition match between Creed and a struggling boxer, touting the fight as a chance for a ''nobody'' to become a ''somebody''. The match is supposed to be easily won by Creed, but someone forgot to tell Rocky, who sees this as his only shot at the big time.', 'Rocky Balboa, a small-time boxer, gets a supremely rare chance to fight the heavy-weight champion, Apollo Creed, in a bout in which he strives to go the distance for his self-respect.', '8', 359817, 209, 2, 209, 'http://ia.media-imdb.com/images/M/MV5BMTY5MDMzODUyOF5BMl5BanBnXkFtZTcwMTQ3NTMyNA@@._V1_UX182_CR0,0,182,268_AL_.jpg'),
(210, 'Memories of Murder', 2003, 132, 0, 'Korean', 'In 1986, in the province of Gyunggi, in South Korea, a second young and beautiful woman is found dead, raped and tied and gagged with her underwear. Detective Park Doo-Man and Detective Cho Yong-koo, two brutal and stupid local detectives without any technique, investigate the murder using brutality and torturing the suspects, without any practical result. The Detective Seo Tae-Yoon from Seoul comes to the country to help the investigations and is convinced that a serial-killer is killing the women. When a third woman is found dead in the same ''modus-operandi'', the detectives find leads of the assassin.', 'In 1986, in the province of Gyunggi, in South Korea, a second young and beautiful woman is found dead, raped and tied and gagged with her underwear. Detective Park Doo-Man and Detective Cho...', '8', 62945, 210, 5, 210, 'http://ia.media-imdb.com/images/M/MV5BMTI5OTA5MTI3OF5BMl5BanBnXkFtZTcwMjQyNzYzMQ@@._V1_UY268_CR2,0,182,268_AL_.jpg'),
(211, 'The Truman Show', 1998, 103, 0, 'English', 'In this movie, Truman is a man whose life is a fake one... The place he lives is in fact a big studio with hidden cameras everywhere, and all his friends and people around him, are actors who play their roles in the most popular TV-series in the world: The Truman Show. Truman thinks that he is an ordinary man with an ordinary life and has no idea about how he is exploited. Until one day... he finds out everything. Will he react?', 'An insurance salesman/adjuster discovers his entire life is actually a T.V. show.', '8', 642557, 211, 1, 211, 'http://ia.media-imdb.com/images/M/MV5BMTg4NTU3NTAyMF5BMl5BanBnXkFtZTgwNjYwNzc3NjE@._V1_UX182_CR0,0,182,268_AL_.jpg'),
(212, 'Sin City', 2005, 124, 0, 'English', 'Four tales of crime adapted from Frank Miller''s popular comics, focusing around a muscular brute who''s looking for the person responsible for the death of his beloved Goldie, a man fed up with Sin City''s corrupt law enforcement who takes the law into his own hands after a horrible mistake, a cop who risks his life to protect a girl from a deformed pedophile, and a hitman looking to make a little cash.', 'A film that explores the dark and miserable town, Basin City, and tells the story of three different people, all caught up in violent corruption.', '8', 640654, 212, 2, 212, 'http://ia.media-imdb.com/images/M/MV5BMTI2NjUyMDUyMV5BMl5BanBnXkFtZTcwMzU0OTkyMQ@@._V1_UY268_CR3,0,182,268_AL_.jpg'),
(213, 'The Terminator', 1984, 107, 0, 'English', 'A cyborg is sent from the future on a deadly mission. He has to kill Sarah Connor, a young woman whose life will have a great significance in years to come. Sarah has only one protector - Kyle Reese - also sent from the future. The Terminator uses his exceptional intelligence and strength to find Sarah, but is there any way to stop the seemingly indestructible cyborg ?', 'A human-looking indestructible cyborg is sent from 2029 to 1984 to assassinate a waitress, whose unborn son will lead humanity in a war against the machines, while a soldier from that war is sent to protect her at all costs.', '8', 579436, 213, 3, 213, 'http://ia.media-imdb.com/images/M/MV5BODE1MDczNTUxOV5BMl5BanBnXkFtZTcwMTA0NDQyNA@@._V1_UX182_CR0,0,182,268_AL_.jpg'),
(214, 'Twelve Monkeys', 1995, 129, 0, 'English', 'An unknown and lethal virus has wiped out five billion people in 1996. Only 1% of the population has survived by the year 2035, and is forced to live underground. A convict (James Cole) reluctantly volunteers to be sent back in time to 1996 to gather information about the origin of the epidemic (who he''s told was spread by a mysterious ''Army of the Twelve Monkeys'') and locate the virus before it mutates so that scientists can study it. Unfortunately Cole is mistakenly sent to 1990, six years earlier than expected, and is arrested and locked up in a mental institution, where he meets Dr. Kathryn Railly, a psychiatrist, and Jeffrey Goines, the insane son of a famous scientist and virus expert.', 'In a future world devastated by disease, a convict is sent back in time to gather information about the man-made virus that wiped out most of the human population on the planet.', '8', 448962, 214, 4, 214, 'http://ia.media-imdb.com/images/M/MV5BMjI4MDIxNjk2Ml5BMl5BanBnXkFtZTcwMTA3Njk3OA@@._V1_UY268_CR9,0,182,268_AL_.jpg'),
(215, 'Strangers on a Train', 1951, 101, 0, 'English', 'Bruno Anthony thinks he has the perfect plot to rid himself of his hated father and when he meets tennis player Guy Haines on a train, he thinks he''s found the partner he needs to pull it off. His plan is relatively simple. Two strangers each agree to kill someone the other person wants disposed of. For example, Guy could kill his father and he could get rid of Guy''s wife Miriam, freeing him to marry Anne Morton, the beautiful daughter of a U.S. Senator. Guy dismisses it all out of hand but but Bruno goes ahead with his half of the ''bargain'' and disposes of Miriam. When Guy balks, Bruno makes it quite clear that he will plant evidence to implicate Guy in her murder if he doesn''t get rid of his father. Guy had also made some unfortunate statements about Miriam after she had refused him a divorce. It all leads the police to believe Guy is responsible for the murder, forcing him to deal with Bruno''s mad ravings.', 'A psychotic socialite confronts a pro tennis star with a theory on how two complete strangers can get away with murder - a theory that he plans to implement.', '8', 92725, 215, 1, 215, 'http://ia.media-imdb.com/images/M/MV5BMTcwNzk0MTQxMF5BMl5BanBnXkFtZTcwNjM5NTIwNA@@._V1_UX182_CR0,0,182,268_AL_.jpg'),
(216, 'Monsters, Inc.', 2001, 92, 0, 'English', 'A city of monsters with no humans called Monstropolis centers around the city''s power company, Monsters, Inc. The lovable, confident, tough, furry blue behemoth-like giant monster named James P. Sullivan (better known as Sulley) and his wisecracking best friend, short, green cyclops monster Mike Wazowski, discover what happens when the real world interacts with theirs in the form of a 2-year-old baby girl dubbed ''Boo,'' who accidentally sneaks into the monster world with Sulley one night. And now it''s up to Sulley and Mike to send Boo back in her door before anybody finds out, especially two evil villains such as Sulley''s main rival as a scarer, chameleon-like Randall (a monster that Boo is very afraid of), who possesses the ability to change the color of his skin, and Mike and Sulley''s boss Mr. Waternoose, the chairman and chief executive officer of Monsters, Inc.', 'In order to power the city, monsters have to scare children so that they scream. However, the children are toxic to the monsters, and after a child gets through, two monsters realize things may not be what they think.', '8', 560252, 216, 2, 216, 'http://ia.media-imdb.com/images/M/MV5BMTY1NTI0ODUyOF5BMl5BanBnXkFtZTgwNTEyNjQ0MDE@._V1_UX182_CR0,0,182,268_AL_.jpg'),
(217, 'Harry Potter and the Deathly Hallows: Part 2', 2011, 130, 0, 'English', 'Harry, Ron, and Hermione continue their quest of finding and destroying the Dark Lord''s three remaining Horcruxes, the magical items responsible for his immortality. But as the mystical Deathly Hallows are uncovered, and Voldemort finds out about their mission, the biggest battle begins and life as they know it will never be the same again.', 'Harry, Ron and Hermione search for Voldemort''s remaining Horcruxes in their effort to destroy the Dark Lord as the final battle rages on at Hogwarts.', '8', 520422, 217, 4, 217, 'http://ia.media-imdb.com/images/M/MV5BMTY2MTk3MDQ1N15BMl5BanBnXkFtZTcwMzI4NzA2NQ@@._V1_UX182_CR0,0,182,268_AL_.jpg');
INSERT INTO `movies` (`id`, `title`, `year`, `runtime`, `country`, `language`, `plot`, `simplePlot`, `rating`, `votes`, `ranking`, `awards`, `director_id`, `img_url`) VALUES
(218, 'Groundhog Day', 1993, 101, 0, 'English', 'A weather man is reluctantly sent to cover a story about a weather forecasting ''rat'' (as he calls it). This is his fourth year on the story, and he makes no effort to hide his frustration. On awaking the ''following'' day he discovers that it''s Groundhog Day again, and again, and again. First he uses this to his advantage, then comes the realisation that he is doomed to spend the rest of eternity in the same place, seeing the same people do the same thing EVERY day.', 'A weatherman finds himself living the same day over and over again.', '8', 421821, 218, 1, 218, 'http://ia.media-imdb.com/images/M/MV5BMTU0MzQyNTExMV5BMl5BanBnXkFtZTgwMjA0Njk1MDE@._V1_UX182_CR0,0,182,268_AL_.jpg'),
(219, 'Infernal Affairs', 2002, 101, 0, 'Cantonese', 'Chan Wing Yan, a young police officer, has been sent undercover as a mole in the local mafia. Lau Kin Ming, a young mafia member, infiltrates the police force. Years later, their older counterparts, Chen Wing Yan and Inspector Lau Kin Ming, respectively, race against time to expose the mole within their midst.', 'A story between a mole in the police department and an undercover cop. Their objectives are the same: to find out who is the mole, and who is the cop.', '8', 89016, 219, 2, 219, 'http://ia.media-imdb.com/images/M/MV5BMTc0Mjg2OTY3OV5BMl5BanBnXkFtZTcwNDA3Njk3OA@@._V1_UY268_CR9,0,182,268_AL_.jpg'),
(220, 'Jaws', 1975, 124, 0, 'English', 'It''s a hot summer on Amity Island, a small community whose main business is its beaches. When new Sheriff Martin Brody discovers the remains of a shark attack victim, his first inclination is to close the beaches to swimmers. This doesn''t sit well with Mayor Larry Vaughn and several of the local businessmen. Brody backs down to his regret as that weekend a young boy is killed by the predator. The dead boy''s mother puts out a bounty on the shark and Amity is soon swamped with amateur hunters and fisherman hoping to cash in on the reward. A local fisherman with much experience hunting sharks, Quint, offers to hunt down the creature for a hefty fee. Soon Quint, Brody and Matt Hooper from the Oceanographic Institute are at sea hunting the Great White shark. As Brody succinctly surmises after their first encounter with the creature, they''re going to need a bigger boat.', 'When a gigantic great white shark begins to menace the small island community of Amity, a police chief, a marine scientist and a grizzled fisherman set out to stop it.', '8', 398134, 220, 1, 220, 'http://ia.media-imdb.com/images/M/MV5BNDcxODkyMjY4MF5BMl5BanBnXkFtZTgwOTk5NTc5MDE@._V1_UX182_CR0,0,182,268_AL_.jpg'),
(221, 'The Martian', 2015, 144, 0, 'English', 'During a manned mission to Mars, Astronaut Mark Watney is presumed dead after a fierce storm and left behind by his crew. But Watney has survived and finds himself stranded and alone on the hostile planet. With only meager supplies, he must draw upon his ingenuity, wit and spirit to subsist and find a way to signal to Earth that he is alive. Millions of miles away, NASA and a team of international scientists work tirelessly to bring ''the Martian'' home, while his crewmates concurrently plot a daring, if not impossible, rescue mission. As these stories of incredible bravery unfold, the world comes together to root for Watney''s safe return.', 'During a manned mission to Mars, Astronaut Mark Watney is presumed dead after a fierce storm and left behind by his crew. But Watney has survived and finds himself stranded and alone on the hostile planet. With only meager supplies, he must draw upon his ', '8', 398074, 221, 2, 221, 'http://ia.media-imdb.com/images/M/MV5BMTc2MTQ3MDA1Nl5BMl5BanBnXkFtZTgwODA3OTI4NjE@._V1_UX182_CR0,0,182,268_AL_.jpg'),
(222, 'The Battle of Algiers', 1966, 121, 0, 'French', 'A film commissioned by the Algerian government that shows the Algerian revolution from both sides. The French foreign legion has left Vietnam in defeat and has something to prove. The Algerians are seeking independence. The two clash. The torture used by the French is contrasted with the Algerian''s use of bombs in soda shops. A look at war as a nasty thing that harms and sullies everyone who participates in it.', 'In the 1950s, fear and violence escalate as the people of Algiers fight for independence from the French government.', '8', 35679, 222, 3, 222, 'http://ia.media-imdb.com/images/M/MV5BMTIzMjI1OTQxNV5BMl5BanBnXkFtZTcwMzc3NTYyMQ@@._V1_UY268_CR14,0,182,268_AL_.jpg'),
(223, 'Barry Lyndon', 1975, 184, 0, 'English', 'In the Eighteenth Century, in a small village in Ireland, Redmond Barry is a young farm boy in love with his cousin Nora Brady. When Nora gets engaged to the British Captain John Quin, Barry challenges him to a duel of pistols. He wins and escapes to Dublin but is robbed on the road. Without an alternative, Barry joins the British Army to fight in the Seven Years War. He deserts and is forced to join the Prussian Army where he saves the life of his captain and becomes his protégé and spy of the Irish gambler Chevalier de Balibari. He helps Chevalier and becomes his associate until he decides to marry the wealthy Lady Lyndon. They move to England and Barry, in his obsession of nobility, dissipates her fortune and makes a dangerous and revengeful enemy.', 'An Irish rogue wins the heart of a rich widow and assumes her dead husband''s aristocratic position in 18th-century England.', '8', 97826, 223, 4, 223, 'http://ia.media-imdb.com/images/M/MV5BMTczNzkyMjQ4N15BMl5BanBnXkFtZTcwOTQ2NjU4Mw@@._V1_UX182_CR0,0,182,268_AL_.jpg'),
(224, 'La Haine', 1995, 98, 0, 'French', 'The film follows three young men and their time spent in the French suburban ''ghetto,'' over a span of twenty-four hours. Vinz, a Jew, Saïd, an Arab, and Hubert, a black boxer, have grown up in these French suburbs where high levels of diversity coupled with the racist and oppressive police force have raised tensions to a critical breaking point. During the riots that took place a night before, a police officer lost his handgun in the ensuing madness, only to leave it for Vinz to find. Now, with a newfound means to gain the respect he deserves, Vinz vows to kill a cop if his friend Abdel dies in the hospital, due the beating he received while in police custody.', '24 hours in the lives of three young men in the French suburbs the day after a violent riot.', '8', 99607, 224, 0, 224, 'http://ia.media-imdb.com/images/M/MV5BMTY3OTAyOTMyM15BMl5BanBnXkFtZTcwNTMxMTI0MQ@@._V1_UY268_CR4,0,182,268_AL_.jpg'),
(225, 'Dog Day Afternoon', 1975, 125, 0, 'English', 'Based upon a real-life story that happened in the early seventies in which the Chase Manhattan Bank in Gravesend, Brooklyn, was held siege by a gay bank robber determined to steal enough money for his male lover to undergo a sex change operation. On a hot summer afternoon, the First Savings Bank of Brooklyn is held up by Sonny and Sal, two down-and-out characters. Although the bank manager and female tellers agree not to interfere with the robbery, Sonny finds that there''s actually nothing much to steal, as most of the cash has been picked up for the day. Sonny then gets an unexpected phone call from Police Captain Moretti, who tells him the place is surrounded by the city''s entire police force. Having few options under the circumstances, Sonny nervously bargains with Moretti, demanding safe escort to the airport and a plane out of the country in return for the bank employees'' safety.', 'A man robs a bank to pay for his lover''s operation; it turns into a hostage situation and a media circus.', '8', 177003, 225, 5, 225, 'http://ia.media-imdb.com/images/M/MV5BMTQyNjQ5NjczM15BMl5BanBnXkFtZTYwNDA4MTk4._V1_UY268_CR1,0,182,268_AL_.jpg'),
(226, 'Prisoners', 2013, 153, 0, 'English', 'How far would you go to protect your family? Keller Dover is facing every parent''s worst nightmare. His six-year-old daughter, Anna, is missing, together with her young friend, Joy, and as minutes turn to hours, panic sets in. The only lead is a dilapidated RV that had earlier been parked on their street. Heading the investigation, Detective Loki arrests its driver, Alex Jones, but a lack of evidence forces his release. As the police pursue multiple leads and pressure mounts, knowing his child''s life is at stake the frantic Dover decides he has no choice but to take matters into his own hands. But just how far will this desperate father go to protect his family?', 'When Keller Dover''s daughter and her friend go missing, he takes matters into his own hands as the police pursue multiple leads and the pressure mounts. But just how far will this desperate father go to protect his family?', '8', 364464, 226, 2, 226, 'http://ia.media-imdb.com/images/M/MV5BMTg0NTIzMjQ1NV5BMl5BanBnXkFtZTcwNDc3MzM5OQ@@._V1_UX182_CR0,0,182,268_AL_.jpg'),
(227, 'Fanny and Alexander', 1982, 188, 0, 'Swedish', 'It''s the early twentieth century Sweden. Adolescent siblings Alexander and Fanny Ekdahl lead a relatively joyous and exuberant life with their well-off extended paternal family, led by the family matriarch, their grandmother, Helena Ekdahl. The openness of the family culture is exemplified by Helena''s now deceased husband ending up becoming best friends with one of her lovers, a Jewish puppet maker named Isak Jacobi, and their Uncle Gustav Adolf''s open liaison with one of the family maids, Maj, who everyone in the family adores, even Gustav Adolf''s wife, Alma. Between the siblings, Alexander in particular has inherited the family''s love of storytelling, his parents and his grandmother who are actors and who manage their own theater. Things change for Alexander and Fanny when their father, Oscar, dies shortly after Christmas 1907. Although she truly does believe she loves him, the children''s mother, Emilie, decides to marry Bishop Edvard Vergérus, who she first met as the officiate at ...', 'Two young Swedish children experience the many comedies and tragedies of their family, the Ekdahls.', '8', 41768, 227, 1, 227, 'http://ia.media-imdb.com/images/M/MV5BOTUyODUwNjc0NV5BMl5BanBnXkFtZTcwMTk0MTcyMQ@@._V1_UY268_CR4,0,182,268_AL_.jpg'),
(228, 'Ip Man', 2008, 106, 0, 'Cantonese', 'In 1935 in Foshan, south China, there are martial arts schools on every street corner. Ip Man is the undisputed martial arts champion, yet he has not devoted himself to teaching. Despite this, it seems that all the kung fu masters of the city are eager to fight him to improve their reputation.', 'A semi-biographical account of Yip Man, the successful martial arts master who taught the Chinese martial art of Wing Chun to the world.', '8', 158921, 228, 2, 228, 'http://ia.media-imdb.com/images/M/MV5BMjE0NDUzMDcyOF5BMl5BanBnXkFtZTcwNzAxMTA2Mw@@._V1_UY268_CR2,0,182,268_AL_.jpg'),
(229, 'The Avengers', 2012, 143, 0, 'English', 'Nick Fury is the director of S.H.I.E.L.D., an international peace-keeping agency. The agency is a who''s who of Marvel Super Heroes, with Iron Man, The Incredible Hulk, Thor, Captain America, Hawkeye and Black Widow. When global security is threatened by Loki and his cohorts, Nick Fury and his team will need all their powers to save the world from disaster.', 'Earth''s mightiest heroes must come together and learn to fight as a team if they are to stop the mischievous Loki and his alien army from enslaving humanity.', '8', 952909, 229, 3, 229, 'http://ia.media-imdb.com/images/M/MV5BMTk2NTI1MTU4N15BMl5BanBnXkFtZTcwODg0OTY0Nw@@._V1_UX182_CR0,0,182,268_AL_.jpg'),
(230, 'The Imitation Game', 2014, 114, 0, 'English', 'Based on the real life story of legendary cryptanalyst Alan Turing, the film portrays the nail-biting race against time by Turing and his brilliant team of code-breakers at Britain''s top-secret Government Code and Cypher School at Bletchley Park, during the darkest days of World War II.', 'During World War II, mathematician Alan Turing tries to crack the enigma code with help from fellow mathematicians.', '8', 431881, 230, 1, 230, 'http://ia.media-imdb.com/images/M/MV5BNDkwNTEyMzkzNl5BMl5BanBnXkFtZTgwNTAwNzk3MjE@._V1_UX182_CR0,0,182,268_AL_.jpg'),
(231, 'The King''s Speech', 2010, 118, 0, 'English', 'Tells the story of the man who became King George VI, the father of Queen Elizabeth II. After his brother abdicates, George (''Bertie'') reluctantly assumes the throne. Plagued by a dreaded stammer and considered unfit to be king, Bertie engages the help of an unorthodox speech therapist named Lionel Logue. Through a set of unexpected techniques, and as a result of an unlikely friendship, Bertie is able to find his voice and boldly lead the country through war.', 'The story of King George VI of the United Kingdom of Great Britain and Northern Ireland, his impromptu ascension to the throne and the speech therapist who helped the unsure monarch become worthy of it.', '8', 485287, 231, 3, 231, 'http://ia.media-imdb.com/images/M/MV5BMzU5MjEwMTg2Nl5BMl5BanBnXkFtZTcwNzM3MTYxNA@@._V1_UY268_CR0,0,182,268_AL_.jpg'),
(232, 'Pirates of the Caribbean: The Curse of the Black Pearl', 2003, 143, 0, 'English', 'This swash-buckling tale follows the quest of Captain Jack Sparrow, a savvy pirate, and Will Turner, a resourceful blacksmith, as they search for Elizabeth Swann. Elizabeth, the daughter of the governor and the love of Will''s life, has been kidnapped by the feared Captain Barbossa. Little do they know, but the fierce and clever Barbossa has been cursed. He, along with his large crew, are under an ancient curse, doomed for eternity to neither live, nor die. That is, unless a blood sacrifice is made.', 'Blacksmith Will Turner teams up with eccentric pirate ''Captain'' Jack Sparrow to save his love, the governor''s daughter, from Jack''s former pirate allies, who are now undead.', '8', 783617, 232, 3, 232, 'http://ia.media-imdb.com/images/M/MV5BMjAyNDM4MTc2N15BMl5BanBnXkFtZTYwNDk0Mjc3._V1_UX182_CR0,0,182,268_AL_.jpg'),
(233, 'The Help', 2011, 146, 0, 'English', 'Set in Mississippi during the 1960s, Skeeter (Stone) is a southern society girl who returns from college determined to become a writer, but turns her friends'' lives -- and a Mississippi town -- upside down when she decides to interview the black women who have spent their lives taking care of prominent southern families. Aibileen (Davis), Skeeter''s best friend''s housekeeper, is the first to open up -- to the dismay of her friends in the tight-knit black community. Despite Skeeter''s life-long friendships hanging in the balance, she and Aibileen continue their collaboration and soon more women come forward to tell their stories -- and as it turns out, they have a lot to say. Along the way, unlikely friendships are forged and a new sisterhood emerges, but not before everyone in town has a thing or two to say themselves when they become unwittingly -- and unwillingly -- caught up in the changing times.', 'An aspiring author during the civil rights movement of the 1960s decides to write a book detailing the African-American maids'' point of view on the white families for which they work, and the hardships they go through on a daily basis.', '8', 308277, 233, 1, 233, 'http://ia.media-imdb.com/images/M/MV5BMTM5OTMyMjIxOV5BMl5BanBnXkFtZTcwNzU4MjIwNQ@@._V1_UX182_CR0,0,182,268_AL_.jpg'),
(234, 'Throne of Blood', 1957, 110, 0, 'Japanese', 'After securing a major victory on the battlefield, Taketoti Washizu and one of his commanders, Yoshiaki Miki, find themselves lost in the maze-like Spider''s Web forest. They come across a spirit-like seer who tells them of their future: both have been promoted because of their victory that day; Washizu will someday be the Great Lord of the Spider''s Web castle while Miki''s son will someday rule as Great Lord as well. When they arrive at the castle, they learn that the first part of the prophecy is correct. Washizu has no desire to become Great Lord but his ambitious wife urges him to reconsider. When the current Great Lord makes a surprise visit to his garrison outpost, Washizu is again promoted to commander of his vanguard but his wife reminds him of the danger that comes with the position. As pressure mounts, Wahizu takes action leading to its inevitable conclusion.', 'A war-hardened general, egged on by his ambitious wife, works to fulfill a prophecy that he would become lord of Spider''s Web Castle.', '8', 30040, 234, 1, 234, 'http://ia.media-imdb.com/images/M/MV5BMTM1MTk2NDIzOV5BMl5BanBnXkFtZTcwMTA5ODQxMQ@@._V1_UY268_CR4,0,182,268_AL_.jpg'),
(235, 'A Fistful of Dollars', 1964, 99, 0, 'Italian', 'An anonymous, but deadly man rides into a town torn by war between two factions, the Baxters and the Rojo''s. Instead of fleeing or dying, as most other would do, the man schemes to play the two sides off each other, getting rich in the bargain.', 'A wandering gunfighter plays two rival families against each other in a town torn apart by greed, pride, and revenge.', '8', 140609, 235, 2, 235, 'http://ia.media-imdb.com/images/M/MV5BMTAzODAxMzg1MzZeQTJeQWpwZ15BbWU3MDgwMzE5ODk@._V1_UX182_CR0,0,182,268_AL_.jpg'),
(236, 'Guardians of the Galaxy', 2014, 121, 0, 'English', 'After stealing a mysterious orb in the far reaches of outer space, Peter Quill from Earth, is now the main target of a manhunt led by the villain known as Ronan the Accuser. To help fight Ronan and his team and save the galaxy from his power, Quill creates a team of space heroes known as the ''Guardians of the Galaxy'' to save the world.', 'A group of intergalactic criminals are forced to work together to stop a fanatical warrior from taking control of the universe.', '8', 635422, 236, 5, 236, 'http://ia.media-imdb.com/images/M/MV5BMTAwMjU5OTgxNjZeQTJeQWpwZ15BbWU4MDUxNDYxODEx._V1_UX182_CR0,0,182,268_AL_.jpg'),
(237, 'Castle in the Sky', 1986, 125, 0, 'Japanese', 'A young boy stumbles into a mysterious girl who floats down from the sky. The girl, Sheeta, was chased by pirates, army and government secret agents. In saving her life, they begin a high flying adventure that goes through all sorts of flying machines, eventually searching for Sheeta''s identity in a floating castle of a lost civilization.', 'A young boy and a girl with a magic crystal must race against pirates and foreign agents in a search for a legendary floating castle.', '8', 94759, 237, 3, 237, 'http://ia.media-imdb.com/images/M/MV5BMTU4MTUyMTc3MV5BMl5BanBnXkFtZTYwOTg4Mzk5._V1_UY268_CR3,0,182,268_AL_.jpg'),
(238, 'High Noon', 1952, 85, 0, 'English', 'On the day he gets married and hangs up his badge, lawman Will Kane is told that a man he sent to prison years before, Frank Miller, is returning on the noon train to exact his revenge. Having initially decided to leave with his new spouse, Will decides he must go back and face Miller. However, when he seeks the help of the townspeople he has protected for so long, they turn their backs on him. It seems Kane may have to face Miller alone, as well as the rest of Miller''s gang, who are waiting for him at the station...', 'A marshall, personally compelled to face a returning deadly enemy, finds that his own town refuses to help him.', '8', 77766, 238, 0, 238, 'http://ia.media-imdb.com/images/M/MV5BMTUxMzg0MzIwM15BMl5BanBnXkFtZTgwOTU0MjkwMTE@._V1_UY268_CR1,0,182,268_AL_.jpg'),
(239, 'Roman Holiday', 1953, 118, 0, 'English', 'Joe Bradley is a reporter for the American News Service in Rome, a job he doesn''t much like as he would rather work for what he considers a real news agency back in the States. He is on the verge of getting fired when he, sleeping in and getting caught in a lie by his boss Hennessy, misses an interview with HRH Princess Ann, who is on a goodwill tour of Europe, Rome only her latest stop. However, he thinks he may have stumbled upon a huge scoop. Princess Ann has officially called off all her Rome engagements due to illness. In reality, he recognizes the photograph of her as being the young well but simply dressed drunk woman he rescued off the street last night (as he didn''t want to turn her into the police for being a vagrant), and who is still in his small studio apartment sleeping off her hangover. What Joe doesn''t know is that she is really sleeping off the effects of a sedative given to her by her doctor to calm her down after an anxiety attack, that anxiety because she hates her...', 'A bored and sheltered princess escapes her guardians and falls in love with an American newsman in Rome.', '8', 96634, 239, 1, 239, 'http://ia.media-imdb.com/images/M/MV5BMTg1ODgzODA1Nl5BMl5BanBnXkFtZTcwNTI0MzU3Mg@@._V1_UX182_CR0,0,182,268_AL_.jpg'),
(240, 'Catch Me If You Can', 2002, 141, 0, 'English', 'New Rochelle, the 1960s. High schooler Frank Abagnale Jr. idolizes his father, who''s in trouble with the IRS. When his parents separate, Frank runs away to Manhattan with $25 in his checking account, vowing to regain dad''s losses and get his parents back together. Just a few years later, the FBI tracks him down in France; he''s extradited, tried, and jailed for passing more than $4,000,000 in bad checks. Along the way, he''s posed as a Pan Am pilot, a pediatrician, and an attorney. And, from nearly the beginning of this life of crime, he''s been pursued by a dour FBI agent, Carl Hanratty. What starts as cat and mouse becomes something akin to father and son.', 'The true story of who, before his 19th birthday, successfully conned millions of dollars'' worth of checks as a Pan Am pilot, doctor, and legal prosecutor.', '8', 495730, 240, 1, 240, 'http://ia.media-imdb.com/images/M/MV5BMTY5MzYzNjc5NV5BMl5BanBnXkFtZTYwNTUyNTc2._V1_UX182_CR0,0,182,268_AL_.jpg'),
(241, 'La Grande Illusion', 1937, 114, 0, 'French', 'During 1st WW, two French officers are captured. Captain De Boeldieu is an aristocrat while Lieutenant Marechal was a mechanic in civilian life. They meet other prisoners from various backgrounds, as Rosenthal, son of wealthy Jewish bankers. They are separated from Rosenthal before managing to escape. A few months later, they meet again in a fortress commanded by the aristocrat Van Rauffenstein. De Boeldieu strikes up a friendship with him but Marechal and Rosenthal still want to escape...', 'During the first World War, two French soldiers are captured and imprisoned in a German P.O.W. camp. Several escape attempts follow until they are sent to a seemingly impenetrable fortress which seems impossible to escape from.', '8', 25889, 241, 4, 241, 'http://ia.media-imdb.com/images/M/MV5BMTg3MTI5NTk0N15BMl5BanBnXkFtZTgwMjU1MDM5MTE@._V1_UY268_CR8,0,182,268_AL_.jpg'),
(242, 'Who''s Afraid of Virginia Woolf?', 1966, 131, 0, 'English', 'George and Martha are a middle aged married couple, whose charged relationship is defined by vitriolic verbal battles, which underlies what seems like an emotional dependence upon each other. This verbal abuse is fueled by an excessive consumption of alcohol. George being an associate History professor in a New Carthage university where Martha''s father is the President adds an extra dimension to their relationship. Late one Saturday evening after a faculty mixer, Martha invites Nick and Honey, an ambitious young Biology professor new to the university and his mousy wife, over for a nightcap. As the evening progresses, Nick and Honey, plied with more alcohol, get caught up in George and Martha''s games of needing to hurt each other and everyone around them. The ultimate abuse comes in the form of talk of George and Martha''s unseen sixteen year old son, whose birthday is the following day.', 'A bitter, aging couple, with the help of alcohol, use a young couple to fuel anguish and emotional pain towards each other.', '8', 54680, 242, 3, 242, 'http://ia.media-imdb.com/images/M/MV5BMjIyMjgyNzA3OV5BMl5BanBnXkFtZTgwOTUxNzYxMTE@._V1_UX182_CR0,0,182,268_AL_.jpg'),
(243, 'Beauty and the Beast', 1991, 84, 0, 'English', 'Belle is a girl who is dissatisfied with life in a small provincial French town, constantly trying to fend off the misplaced ''affections'' of conceited Gaston. The Beast is a prince who was placed under a spell because he could not love. A wrong turn taken by Maurice, Belle''s father, causes the two to meet.', 'Belle, whose father is imprisoned by the Beast, offers herself instead, unaware her captor to be an enchanted prince.', '8', 296735, 243, 4, 243, 'http://ia.media-imdb.com/images/M/MV5BMTkyMDgwODY0OV5BMl5BanBnXkFtZTgwODI5NTQ5MTE@._V1_UX182_CR0,0,182,268_AL_.jpg'),
(244, 'Notorious', 1946, 101, 0, 'English', 'Following the conviction of her German father for treason against the U.S., Alicia Huberman takes to drink and men. She is approached by a government agent (T.R. Devlin) who asks her to spy on a group of her father''s Nazi friends operating out of Rio de Janeiro. A romance develops between Alicia and Devlin, but she starts to get too involved in her work.', 'A woman is asked to spy on a group of Nazi friends in South America. How far will she have to go to ingratiate herself with them?', '8', 71921, 244, 0, 244, 'http://ia.media-imdb.com/images/M/MV5BMTY3NTAwMjk5OV5BMl5BanBnXkFtZTgwNDU5OTQzMTE@._V1_UX182_CR0,0,182,268_AL_.jpg'),
(245, 'In the Mood for Love', 2000, 98, 0, 'Cantonese', 'Set in Hong Kong, 1962, Chow Mo-Wan is a newspaper editor who moves into a new building with his wife. At the same time, Su Li-zhen, a beautiful secretary and her executive husband also move in to the crowded building. With their spouses often away, Chow and Li-zhen spend most of their time together as friends. They have everything in common from noodle shops to martial arts. Soon, they are shocked to discover that their spouses are having an affair. Hurt and angry, they find comfort in their growing friendship even as they resolve not to be like their unfaithful mates.', 'Two neighbors, a woman and a man, form a strong bond after both suspect extramarital activities of their spouses. However, they agree to keep their bond platonic so as not to commit similar wrongs.', '8', 72566, 245, 3, 245, 'http://ia.media-imdb.com/images/M/MV5BMTk0MjY3NjEzN15BMl5BanBnXkFtZTYwNTk2NDI5._V1._CR13,35,325,439_UY268_CR8,0,182,268_AL_.jpg'),
(246, 'Lagaan', 2001, 224, 0, 'Hindi', 'This is the story about the resilience shown by the Indians when they were under the British Rule. They are already taxed to the bone by the British and their cronies, but when Jack Russell announces that he will double the Lagaan (tax) from all villagers, they decide to oppose it. Leading the villagers is a handsome young man named Bhuvan, who challenges them to a game of cricket, a game that is to be played by veteran British cricket players, versus villagers, including Bhuvan himself, who have never played this game before, and do not even know a bat from a piece of wood. As the challenge is accepted, the interest grows and attracts Indians from all over the region, as well as the British from all over the country - as everyone gathers to see the ''fair play'' that the British will display against their counter-parts, who are aided by none other than the sister, Elizabeth, of Captain Rusell.', 'The people of a small village in Victorian India stake their future on a game of cricket against their ruthless British rulers.', '8', 67010, 246, 0, 246, 'http://ia.media-imdb.com/images/M/MV5BMTIwODMwMzA5Ml5BMl5BanBnXkFtZTcwMTQxNTEyMQ@@._V1_UY268_CR2,0,182,268_AL_.jpg'),
(247, 'What Ever Happened to Baby Jane?', 1962, 134, 0, 'English', 'In a tale that almost redefines sibling rivalry, faded actresses Blanche and ''Baby'' Jane Hudson live together. Jane was by far the most famous when she performed with their father in vaudeville but as they got older, it was Blanche who became the finer actress, which Jane still resents. Blanche is now confined to a wheelchair - Jane ran her over with the car while drunk, even though she has no memory of it - and Jane is firmly in control. As time goes by, Jane exercises greater and greater control over her sister, intercepting her letters and ensuring that few if anyone from the outside has any contact with her. As Jane slowly loses her mind, she torments her sister going to ever greater extremes.', 'A former child star torments her paraplegic sister in their decaying Hollywood mansion.', '8', 30399, 247, 2, 247, 'http://ia.media-imdb.com/images/M/MV5BZmI0M2VmNTgtMWVhYS00Zjg1LTk1YTYtNmJmMjRkZmMwYTc2XkEyXkFqcGdeQXVyNTA4NzY1MzY@._V1_UX182_CR0,0,182,268_AL_.jpg'),
(248, 'Akira', 1988, 124, 0, 'Japanese', 'Kaneda is a bike gang leader whose close friend Tetsuo gets involved in a government secret project known as Akira. On his way to save Tetsuo, Kaneda runs into a group of anti-government activists, greedy politicians, irresponsible scientists and a powerful military leader. The confrontation sparks off Tetsuo''s supernatural power leading to bloody death, a coup attempt and the final battle in Tokyo Olympiad where Akira''s secrets were buried 30 years ago.', 'A secret military project endangers Neo-Tokyo when it turns a biker gang member into a rampaging psychic psychopath that only two kids and a group of psychics can stop.', '8', 101779, 248, 0, 248, 'http://ia.media-imdb.com/images/M/MV5BNTk0MjE2NDc1Nl5BMl5BanBnXkFtZTgwODM3NTU3MzE@._V1_UY268_CR3,0,182,268_AL_.jpg'),
(249, 'Anatomy of a Murder', 1959, 160, 0, 'English', 'Frederick Manion (Ben Gazzara), a lieutenant in the army, is arrested for the murder of a bartender, Barney Quill. He claims, in his defense, that the victim had raped and beaten up his wife Laura (Lee Remick). Although Laura supports her husband''s story, the police surgeon can find no evidence that she has been raped. Manion is defended by Paul Biegler (James Stewart), a rather humble small-town lawyer. During the course of interviews, Biegler discovers that Manion is violently possessive and jealous, and also that his wife has a reputation for giving her favors to other men. Biegler realizes that the prosecution will try to make the court believe that Laura was the lover of the bartender and than Manion killed him and beat her up when he discovered them together. Manion pleads ''not guilty'' and Biegler, who knows that his case is weak, sets his assistants to try to find a witness who will save Manion.', 'In a murder trial, the defendant says he suffered temporary insanity after the victim raped his wife. What is the truth, and will he win his case?', '8', 45439, 249, 5, 249, 'http://ia.media-imdb.com/images/M/MV5BMjA0ODU0OTQ5N15BMl5BanBnXkFtZTgwMzYzMzIxMDE@._V1_UX182_CR0,0,182,268_AL_.jpg'),
(250, 'Spring, Summer, Fall, Winter... and Spring', 2003, 103, 0, 'Korean', 'In the midst of the Korean wilderness, a Buddhist master patiently raises a young boy to grow up in wisdom and compassion, through experience and endless exercises. Once the pupil discovers his sexual lust, he seems lost to contemplative life and follows his first love, but soon fails to adapt to the modern world, gets in jail for a crime of passion and returns to the master in search of spiritual redemption and reconciliation with karma, at a high price of physical catharsis...', 'On an isolated lake, an old monk lives on a small floating temple. The wise master has also a young boy with him who learns to become a monk. And we watch as seasons and years pass by.', '8', 61021, 250, 5, 250, 'http://ia.media-imdb.com/images/M/MV5BMTI0ODMwOTIxOV5BMl5BanBnXkFtZTcwMzE2NDUyMQ@@._V1_UX182_CR0,0,182,268_AL_.jpg');

-- --------------------------------------------------------

--
-- Structure de la table `movies_genres`
--

CREATE TABLE IF NOT EXISTS `movies_genres` (
  `genre_id` int(11) NOT NULL,
  `movie_id` int(11) NOT NULL
) ENGINE=InnoDB DEFAULT CHARSET=latin1;

--
-- Contenu de la table `movies_genres`
--

INSERT INTO `movies_genres` (`genre_id`, `movie_id`) VALUES
(1, 1),
(6, 1),
(1, 2),
(6, 2),
(1, 3),
(6, 3),
(1, 4),
(2, 4),
(3, 5),
(6, 5),
(1, 6),
(6, 6),
(1, 7),
(6, 7),
(4, 8),
(6, 8),
(5, 9),
(6, 10),
(4, 11),
(6, 11),
(2, 12),
(4, 12),
(6, 13),
(17, 13),
(2, 14),
(10, 14),
(2, 15),
(4, 15),
(6, 16),
(1, 17),
(3, 17),
(2, 18),
(12, 18),
(6, 19),
(2, 20),
(4, 20),
(1, 21),
(6, 21),
(1, 22),
(6, 22),
(1, 23),
(6, 23),
(6, 24),
(16, 24),
(1, 25),
(6, 25),
(6, 26),
(7, 26),
(1, 27),
(6, 27),
(5, 28),
(4, 29),
(8, 29),
(2, 30),
(6, 30),
(4, 31),
(6, 31),
(6, 32),
(17, 32),
(1, 33),
(6, 33),
(6, 34),
(7, 34),
(9, 35),
(10, 35),
(2, 36),
(4, 36),
(10, 37),
(14, 37),
(3, 38),
(7, 38),
(6, 39),
(7, 39),
(1, 40),
(6, 40),
(2, 41),
(12, 41),
(3, 42),
(6, 42),
(1, 43),
(6, 43),
(4, 44),
(7, 44),
(6, 45),
(10, 46),
(14, 46),
(2, 47),
(6, 47),
(6, 48),
(15, 48),
(6, 49),
(10, 49),
(7, 50),
(4, 51),
(8, 51),
(6, 52),
(11, 52),
(9, 53),
(12, 53),
(6, 54),
(7, 54),
(6, 55),
(14, 55),
(6, 56),
(5, 57),
(6, 57),
(6, 58),
(9, 58),
(6, 59),
(15, 59),
(6, 60),
(8, 60),
(4, 61),
(8, 61),
(2, 62),
(14, 62),
(6, 63),
(2, 64),
(9, 64),
(4, 65),
(8, 65),
(6, 66),
(10, 66),
(6, 67),
(10, 67),
(1, 68),
(4, 68),
(1, 69),
(6, 69),
(10, 70),
(17, 70),
(4, 71),
(6, 71),
(2, 72),
(4, 72),
(1, 73),
(6, 73),
(1, 74),
(6, 74),
(1, 75),
(14, 75),
(7, 76),
(17, 76),
(3, 77),
(6, 77),
(6, 78),
(1, 79),
(6, 79),
(1, 80),
(6, 80),
(4, 81),
(8, 81),
(1, 82),
(6, 82),
(3, 83),
(4, 83),
(1, 84),
(6, 84),
(6, 85),
(17, 85),
(6, 86),
(15, 86),
(3, 87),
(6, 87),
(1, 88),
(7, 88),
(7, 89),
(20, 89),
(10, 90),
(12, 90),
(6, 91),
(1, 92),
(7, 92),
(4, 93),
(7, 93),
(4, 94),
(8, 94),
(6, 95),
(7, 95),
(4, 96),
(6, 96),
(1, 97),
(6, 97),
(5, 98),
(1, 99),
(6, 99),
(6, 100),
(7, 100),
(2, 101),
(4, 101),
(6, 102),
(10, 102),
(1, 103),
(6, 103),
(6, 104),
(6, 105),
(12, 105),
(2, 106),
(4, 106),
(6, 107),
(7, 107),
(2, 108),
(4, 108),
(2, 109),
(4, 109),
(2, 110),
(4, 110),
(1, 111),
(7, 111),
(6, 112),
(7, 112),
(6, 113),
(5, 114),
(10, 115),
(11, 115),
(4, 116),
(8, 116),
(4, 117),
(8, 117),
(6, 118),
(3, 119),
(6, 119),
(3, 120),
(6, 120),
(2, 121),
(14, 121),
(6, 122),
(6, 123),
(10, 123),
(4, 124),
(6, 124),
(1, 125),
(2, 125),
(1, 126),
(6, 126),
(6, 127),
(19, 127),
(8, 128),
(16, 128),
(6, 129),
(7, 129),
(6, 130),
(6, 131),
(17, 131),
(4, 132),
(6, 132),
(4, 133),
(7, 133),
(2, 134),
(6, 134),
(6, 135),
(19, 135),
(6, 136),
(10, 136),
(12, 137),
(14, 137),
(1, 138),
(7, 138),
(2, 139),
(8, 139),
(2, 140),
(4, 140),
(6, 141),
(17, 141),
(4, 142),
(8, 142),
(1, 143),
(3, 143),
(3, 144),
(6, 144),
(6, 145),
(13, 145),
(3, 146),
(7, 146),
(6, 147),
(18, 147),
(2, 148),
(6, 148),
(3, 149),
(6, 149),
(6, 150),
(1, 151),
(7, 151),
(6, 152),
(10, 152),
(6, 153),
(11, 153),
(6, 154),
(15, 154),
(6, 155),
(18, 155),
(1, 156),
(6, 156),
(1, 157),
(6, 157),
(6, 158),
(4, 159),
(8, 159),
(1, 160),
(11, 160),
(6, 161),
(10, 161),
(3, 162),
(4, 162),
(4, 163),
(8, 163),
(9, 164),
(12, 164),
(1, 165),
(6, 165),
(7, 166),
(17, 166),
(7, 167),
(8, 167),
(1, 168),
(6, 168),
(2, 169),
(4, 170),
(6, 170),
(2, 171),
(3, 171),
(7, 172),
(2, 173),
(4, 173),
(1, 174),
(6, 174),
(6, 175),
(18, 175),
(3, 176),
(6, 176),
(6, 177),
(6, 178),
(15, 178),
(4, 179),
(6, 179),
(6, 180),
(1, 181),
(3, 181),
(1, 182),
(6, 182),
(4, 183),
(6, 183),
(6, 184),
(14, 184),
(3, 185),
(6, 185),
(10, 186),
(14, 186),
(3, 187),
(6, 187),
(4, 188),
(7, 188),
(6, 189),
(14, 189),
(4, 190),
(7, 190),
(6, 191),
(13, 191),
(1, 192),
(11, 192),
(4, 193),
(6, 193),
(7, 194),
(17, 194),
(6, 195),
(7, 195),
(6, 196),
(6, 197),
(16, 197),
(4, 198),
(8, 198),
(6, 199),
(10, 199),
(4, 200),
(12, 200),
(6, 201),
(9, 201),
(3, 202),
(6, 202),
(2, 203),
(14, 203),
(6, 204),
(19, 204),
(6, 205),
(12, 205),
(6, 206),
(17, 206),
(4, 207),
(16, 207),
(6, 208),
(17, 208),
(6, 209),
(13, 209),
(1, 210),
(6, 210),
(6, 211),
(1, 212),
(14, 212),
(2, 213),
(12, 213),
(10, 214),
(12, 214),
(1, 215),
(11, 215),
(4, 216),
(8, 216),
(4, 217),
(6, 217),
(6, 218),
(7, 218),
(1, 219),
(10, 219),
(4, 220),
(6, 220),
(4, 221),
(6, 221),
(6, 222),
(15, 222),
(4, 223),
(6, 223),
(1, 224),
(6, 224),
(1, 225),
(6, 225),
(1, 226),
(6, 226),
(6, 227),
(2, 228),
(3, 228),
(2, 229),
(4, 229),
(3, 230),
(6, 230),
(3, 231),
(6, 231),
(2, 232),
(4, 232),
(6, 233),
(6, 234),
(2, 235),
(6, 235),
(2, 236),
(4, 236),
(4, 237),
(8, 237),
(5, 238),
(7, 239),
(17, 239),
(1, 240),
(3, 240),
(6, 241),
(15, 241),
(6, 242),
(8, 243),
(16, 243),
(6, 244),
(11, 244),
(6, 245),
(17, 245),
(4, 246),
(6, 246),
(6, 247),
(9, 247),
(2, 248),
(8, 248),
(1, 249),
(6, 249),
(6, 250);

--
-- Index pour les tables exportées
--

--
-- Index pour la table `genres`
--
ALTER TABLE `genres`
  ADD PRIMARY KEY (`id`),
  ADD UNIQUE KEY `name` (`name`);

--
-- Index pour la table `movies`
--
ALTER TABLE `movies`
  ADD PRIMARY KEY (`id`),
  ADD UNIQUE KEY `title` (`title`);

--
-- Index pour la table `movies_genres`
--
ALTER TABLE `movies_genres`
  ADD PRIMARY KEY (`genre_id`,`movie_id`),
  ADD KEY `FK_movies_genres_movie_id` (`movie_id`);

--
-- AUTO_INCREMENT pour les tables exportées
--

--
-- AUTO_INCREMENT pour la table `genres`
--
ALTER TABLE `genres`
  MODIFY `id` int(11) NOT NULL AUTO_INCREMENT,AUTO_INCREMENT=21;
--
-- AUTO_INCREMENT pour la table `movies`
--
ALTER TABLE `movies`
  MODIFY `id` int(11) NOT NULL AUTO_INCREMENT,AUTO_INCREMENT=251;
--
-- Contraintes pour les tables exportées
--

--
-- Contraintes pour la table `movies_genres`
--
ALTER TABLE `movies_genres`
  ADD CONSTRAINT `FK_movies_genres_genre_id` FOREIGN KEY (`genre_id`) REFERENCES `genres` (`id`),
  ADD CONSTRAINT `FK_movies_genres_movie_id` FOREIGN KEY (`movie_id`) REFERENCES `movies` (`id`);

/*!40101 SET CHARACTER_SET_CLIENT=@OLD_CHARACTER_SET_CLIENT */;
/*!40101 SET CHARACTER_SET_RESULTS=@OLD_CHARACTER_SET_RESULTS */;
/*!40101 SET COLLATION_CONNECTION=@OLD_COLLATION_CONNECTION */;
